0.002360000000000362,7
0.0129999999999999,7
0.026107999999999798,7
0.039836000000000205,6
0.05290600000000012,7
0.066554,8
0.07955600000000018,7
0.09270599999999973,7
0.10711400000000015,8
0.12112199999999973,7
0.13393799999999967,7
0.1478250000000001,7
0.16156599999999965,7
0.17581100000000038,7
0.1895439999999997,6
0.20303700000000013,6
0.2164780000000004,6
0.23005100000000045,5
0.2442580000000003,4
0.2583080000000004,5
0.27199799999999996,4
0.28566100000000016,4
0.30003199999999985,4
0.3137559999999997,3
0.32739799999999963,4
0.3409779999999998,4
0.3547070000000003,4
0.368862,3
0.38286,4
0.39689700000000006,4
0.4110890000000005,3
0.4247209999999999,2
0.43945100000000004,2
0.4524910000000002,4
0.466666,4
0.48067300000000035,5
0.49426099999999984,4
0.5085040000000003,3
0.5231399999999997,4
0.5369859999999997,4
0.551037,3
0.5654029999999999,2
0.5801569999999998,1
0.5926650000000002,2
0.6064980000000002,2
0.619713,2
0.6339500000000005,3
0.6476600000000001,3
0.6615489999999999,4
0.675433,3
0.6899319999999998,4
0.7030840000000005,3
0.7166670000000002,3
0.7305590000000004,3
0.7439540000000004,2
0.7575380000000003,2
0.7708029999999999,2
0.784503,2
0.7979479999999999,2
0.8115389999999998,2
0.8253709999999996,1
0.838819,1
0.851979,1
0.8653469999999999,2
0.8788980000000004,2
0.8930129999999998,5
0.9055670000000005,6
0.9201230000000002,-3
0.0024129999999997764,26
0.013365000000000293,29
0.024491000000000263,29
0.03835699999999953,26
0.051775000000000126,26
0.0657899999999998,22
0.07755299999999998,22
0.09179699999999968,22
0.10519999999999996,19
0.11985500000000027,18
0.13362500000000033,13
0.14454600000000006,13
0.15773999999999955,12
0.17100399999999993,12
0.18446099999999976,12
0.19814500000000024,10
0.21249099999999999,11
0.22684499999999996,6
0.23847500000000021,4
0.25214300000000023,4
0.26602199999999954,2
0.2795019999999999,-2
0.2912790000000003,-2
0.30477699999999963,-3
0.318276,-4
0.33170699999999975,-4
0.3451170000000001,-3
0.3583660000000002,-2
0.37174700000000005,-2
0.3851829999999996,-2
0.3994409999999995,-3
0.41289,-3
0.42711599999999983,-3
0.4403410000000001,-3
0.45389699999999955,-3
0.46782900000000005,-3
0.48162400000000005,-3
0.4952499999999995,-3
0.5084539999999995,-4
0.5228459999999995,-4
0.535882,-3
0.5496499999999997,-3
0.5635279999999998,-2
0.5772579999999996,-3
0.5907549999999997,-3
0.6051390000000003,-4
0.6186730000000003,-4
0.6319530000000002,-4
0.6457600000000001,-4
0.6599050000000002,-3
0.6737779999999995,-3
0.6873800000000001,-3
0.700285,-3
0.7143129999999998,-2
0.7286219999999997,-2
0.7423500000000001,-2
0.7563120000000003,-2
0.769247,-1
0.7838139999999996,-2
0.7980309999999999,1
0.8094789999999996,3
0.8234880000000002,3
0.8373059999999999,5
0.8510910000000003,6
0.8655869999999997,7
0.8790309999999995,7
0.8932329999999995,8
0.9076240000000002,5
0.9201990000000002,3
0.9350740000000002,-9
0.9472019999999999,-2
0.002457999999999849,12
0.014444999999999375,18
0.026175999999999533,20
0.03683999999999976,24
0.04919199999999968,23
0.06308799999999959,25
0.07475499999999968,25
0.08944799999999997,25
0.1026309999999997,23
0.11663800000000002,21
0.130401,21
0.14412299999999956,18
0.15815599999999996,17
0.1712359999999995,15
0.18457200000000018,16
0.19830799999999993,16
0.2112569999999998,13
0.22544999999999948,11
0.23886800000000008,9
0.25247300000000017,8
0.2663220000000006,7
0.2809779999999993,7
0.29433299999999996,7
0.307677,6
0.3215419999999991,8
0.33444899999999933,8
0.34785999999999895,9
0.36229099999999903,11
0.37558899999999973,11
0.3897960000000005,12
0.40436300000000003,11
0.417764,11
0.4320789999999999,11
0.44589500000000015,9
0.4598499999999994,8
0.47345799999999905,7
0.48737599999999937,6
0.5003410000000006,6
0.5138040000000004,8
0.5273419999999991,8
0.5409500000000005,9
0.5553150000000002,8
0.5693389999999994,8
0.5831800000000005,6
0.5973649999999999,4
0.6113479999999996,5
0.6257009999999994,4
0.6386289999999999,4
0.6524979999999996,5
0.6667120000000004,3
0.6806239999999999,2
0.6948589999999992,2
0.7079579999999996,2
0.7217400000000005,2
0.7347850000000005,2
0.7479809999999993,2
0.7619889999999998,2
0.7761870000000002,1
0.7902570000000004,3
0.8041339999999995,3
0.8177079999999997,3
0.831512,3
0.8458059999999996,3
0.8597419999999989,2
0.873797999999999,2
0.887675999999999,2
0.9007519999999989,1
0.9139900000000001,1
0.9284859999999995,0
0.9426930000000002,5
0.0024300000000003763,-3
0.014771999999998897,0
0.02599000000000018,2
0.04018499999999925,6
0.05212599999999945,12
0.06361300000000014,13
0.07755199999999896,10
0.091448999999999,11
0.10515200000000036,7
0.11678799999999967,7
0.13088800000000056,3
0.14272199999999913,3
0.15673199999999987,1
0.17073300000000025,-1
0.18430700000000044,-3
0.1978869999999997,-3
0.21087299999999942,-3
0.22412600000000005,-3
0.2370429999999999,-4
0.24989099999999986,-4
0.26338600000000056,-5
0.2768239999999995,-3
0.29020700000000055,-4
0.3035949999999996,-3
0.31665399999999977,-4
0.33090999999999937,-3
0.3450740000000003,-4
0.3593130000000002,-4
0.3733349999999991,-5
0.3871179999999992,-6
0.40036899999999953,-6
0.4145529999999997,-5
0.42891299999999966,-4
0.4446259999999995,-3
0.459306999999999,-6
0.47216399999999936,-6
0.4873719999999988,-5
0.5030529999999995,-6
0.5178409999999989,-8
0.5315589999999997,-8
0.5453890000000001,-8
0.5593399999999988,-6
0.5730459999999997,-6
0.586276999999999,-6
0.5993079999999988,-6
0.6126509999999996,-5
0.6259750000000004,-6
0.6399089999999994,-5
0.6534359999999992,-6
0.6668149999999997,-6
0.6803369999999997,-6
0.6939530000000005,-7
0.7077530000000003,-6
0.7211660000000002,-6
0.7344069999999991,-5
0.7486879999999996,-4
0.7624999999999993,-3
0.7761739999999993,-4
0.7895179999999993,-4
0.8039299999999994,-5
0.8181510000000003,-3
0.8324490000000004,5
0.8447800000000001,3
0.8588740000000001,0
0.0026890000000001635,26
0.013840000000000074,36
0.025724000000000302,38
0.037547,37
0.050995000000000346,36
0.06468899999999955,35
0.07863299999999995,34
0.09170300000000076,33
0.10512500000000102,32
0.11892399999999981,31
0.13350800000000085,31
0.1472990000000003,29
0.16094799999999942,29
0.17511999999999972,27
0.18884100000000004,26
0.20261800000000108,24
0.21685399999999966,23
0.2301669999999998,21
0.24396899999999988,21
0.25778999999999996,19
0.2706590000000002,17
0.2845290000000009,17
0.2976749999999999,16
0.3117820000000009,16
0.3251930000000005,16
0.3386300000000002,16
0.35260900000000106,15
0.3664100000000001,15
0.3804999999999996,15
0.39436800000000005,15
0.40879699999999985,12
0.4227810000000005,11
0.43675700000000006,10
0.4502620000000004,10
0.46382799999999946,11
0.477328,10
0.49086800000000075,9
0.5049270000000003,9
0.5189780000000006,8
0.5324980000000004,9
0.5457590000000003,8
0.5596840000000007,8
0.5746929999999999,6
0.5890690000000003,6
0.6026600000000002,7
0.616461000000001,6
0.6304580000000009,8
0.6441499999999998,7
0.6582299999999996,7
0.6727340000000002,8
0.6867219999999996,7
0.7009340000000002,7
0.7153299999999998,5
0.728765000000001,4
0.7425949999999997,5
0.7570100000000011,4
0.7708569999999995,3
0.7857050000000001,3
0.7993009999999998,3
0.8129340000000003,1
0.8273740000000007,1
0.8406649999999996,1
0.8546060000000004,2
0.8680819999999994,2
0.8817640000000004,2
0.8954640000000005,3
0.910343000000001,2
0.9247610000000002,4
0.9395349999999993,-2
0.002518999999999494,14
0.014143999999999934,17
0.025605000000000544,20
0.037347999999999715,24
0.04906599999999983,24
0.06248300000000029,25
0.07594500000000082,25
0.09066299999999927,23
0.10520999999999958,22
0.11867999999999945,22
0.13293200000000027,19
0.14661399999999958,19
0.16056700000000035,21
0.1722950000000001,19
0.18608700000000056,19
0.2006560000000004,19
0.21402299999999919,17
0.2286640000000002,16
0.24251600000000018,15
0.2561119999999999,13
0.2695260000000008,13
0.2836160000000003,11
0.29703499999999927,10
0.31049100000000074,8
0.32431700000000063,8
0.3379220000000007,8
0.3507610000000003,10
0.3642339999999997,11
0.37780599999999964,11
0.3913089999999997,11
0.40573000000000015,12
0.4205400000000008,10
0.43406700000000065,11
0.4482569999999999,8
0.4623690000000007,7
0.47696700000000014,7
0.4907059999999994,6
0.5042770000000001,7
0.5176169999999995,8
0.5305859999999996,8
0.5443200000000008,8
0.5589069999999996,7
0.5733700000000006,5
0.5872100000000007,6
0.6012450000000005,4
0.614967,4
0.6285240000000005,4
0.6433979999999995,4
0.6566700000000001,5
0.6708280000000002,5
0.6848039999999997,5
0.6985080000000004,6
0.7117979999999999,5
0.7264630000000007,5
0.7405709999999992,3
0.7549980000000005,2
0.7688439999999996,2
0.7825869999999995,3
0.7954530000000002,4
0.8094090000000005,4
0.8240250000000007,5
0.8379589999999997,5
0.8522580000000008,6
0.8661259999999995,6
0.8803590000000003,5
0.8956599999999995,1
0.9080829999999995,-3
0.9196030000000004,-9
0.9322169999999996,4
0.002460999999998492,16
0.014461999999999975,19
0.026015999999998485,27
0.03789100000000012,29
0.04935699999999876,31
0.06074699999999922,33
0.07309699999999886,32
0.08738499999999938,29
0.10104299999999888,29
0.11522199999999927,28
0.12862299999999927,25
0.14193499999999837,25
0.1560069999999989,23
0.16930200000000006,21
0.18285799999999952,21
0.19659599999999955,19
0.21056299999999872,16
0.22415499999999966,13
0.23728599999999922,13
0.25063699999999933,12
0.2636569999999985,12
0.2769909999999989,12
0.28975299999999926,12
0.3029319999999984,12
0.3168539999999993,14
0.33155799999999935,14
0.34538899999999906,14
0.35970499999999994,13
0.3741259999999986,13
0.3883669999999988,12
0.4024739999999998,12
0.4168509999999994,10
0.4301199999999987,8
0.4436339999999994,8
0.4571959999999997,5
0.4685939999999995,5
0.4827949999999994,4
0.49615799999999943,3
0.5097519999999989,2
0.5230749999999986,1
0.5363319999999998,2
0.549631999999999,3
0.5632229999999989,4
0.575740999999999,4
0.5901709999999998,5
0.6045639999999999,4
0.6191049999999994,4
0.6332969999999989,5
0.647081,5
0.6610389999999988,5
0.6752109999999991,5
0.6898789999999995,3
0.703498999999999,3
0.7175339999999988,3
0.7306489999999997,2
0.7439689999999999,2
0.7576830000000001,3
0.7715449999999997,1
0.784732,2
0.7980169999999998,2
0.8113309999999991,2
0.8254999999999999,2
0.8397439999999996,3
0.8532849999999996,2
0.8676169999999992,2
0.8818829999999984,2
0.895446999999999,2
0.9089679999999998,2
0.9225359999999991,1
0.9358939999999993,1
0.9506899999999998,16
0.9623679999999997,-1
0.0026169999999989813,2
0.016161999999999566,7
0.027892999999998835,8
0.04100099999999962,15
0.052524000000000015,12
0.06683799999999884,12
0.08058299999999896,9
0.09368599999999994,9
0.10788699999999984,8
0.12144900000000014,6
0.13516699999999915,5
0.14834499999999906,5
0.16221199999999847,5
0.17576999999999998,4
0.19020999999999866,4
0.20476799999999962,3
0.21791099999999908,2
0.23142199999999846,2
0.2447039999999987,4
0.25789999999999935,4
0.27149099999999926,5
0.2853329999999996,6
0.29936899999999866,5
0.31327199999999955,6
0.327318,5
0.34156499999999923,4
0.3551279999999988,3
0.36907899999999927,3
0.38266699999999965,3
0.39680999999999855,1
0.410677999999999,2
0.4236969999999989,1
0.4376350000000002,1
0.45101499999999994,1
0.4654399999999992,2
0.47986799999999974,2
0.4937499999999986,1
0.5075949999999985,1
0.5217320000000001,2
0.535285,3
0.549239,3
0.5633379999999999,3
0.5773309999999992,2
0.5911289999999987,1
0.6050759999999986,2
0.6192649999999986,3
0.633286,4
0.6467539999999996,5
0.6613299999999995,6
0.6751329999999989,8
0.6888809999999985,7
0.7026109999999992,6
0.7167099999999991,6
0.7311739999999993,5
0.7449719999999989,4
0.7586729999999999,3
0.7722739999999995,2
0.7859210000000001,1
0.7993189999999988,0
0.8129999999999988,0
0.8262889999999992,2
0.8400819999999989,2
0.8545020000000001,2
0.8682839999999992,1
0.8817989999999991,1
0.8968220000000002,-1
0.9120399999999993,15
0.9233159999999998,-2
0.0019050000000007117,9
0.013861000000000345,12
0.02646700000000024,16
0.038806000000001006,21
0.050363000000000824,26
0.06235900000000072,28
0.07457400000000014,26
0.08798700000000004,26
0.102468,24
0.1164360000000002,25
0.13036699999999968,25
0.14409200000000055,25
0.15830300000000008,23
0.17234700000000025,23
0.1870940000000001,21
0.20153200000000027,19
0.2158300000000004,18
0.22901400000000116,16
0.2428430000000006,15
0.25631300000000046,14
0.2691770000000009,14
0.28253400000000006,14
0.29615800000000014,14
0.3099380000000007,14
0.32327000000000083,14
0.33765400000000056,14
0.3513599999999997,13
0.3670600000000004,12
0.3805650000000007,12
0.39475000000000016,9
0.40809600000000046,10
0.4215119999999999,10
0.4356819999999999,11
0.4495590000000007,10
0.46303300000000114,11
0.47682999999999964,10
0.4904390000000003,9
0.50427,8
0.5180389999999999,8
0.5315150000000006,7
0.5448189999999986,7
0.5579440000000009,6
0.5718540000000001,5
0.5861089999999987,5
0.5996520000000007,5
0.6122430000000012,5
0.6261510000000019,6
0.6403429999999997,6
0.6535150000000005,7
0.6669509999999992,6
0.6810130000000019,6
0.6960660000000001,5
0.7097020000000018,5
0.7230609999999995,5
0.7369439999999994,4
0.7510150000000007,4
0.7644269999999995,3
0.7778229999999997,3
0.7920069999999999,2
0.806178000000001,2
0.819642,1
0.8333619999999993,1
0.8466229999999992,0
0.8602040000000013,1
0.8732790000000019,1
0.8857009999999992,1
0.900558000000002,4
0.9134620000000009,9
0.9256940000000018,5
0.0023590000000019984,15
0.014980000000001326,15
0.02867000000000175,16
0.042345000000000965,16
0.055662000000001655,18
0.06726600000000005,14
0.07927199999999957,11
0.09343900000000005,9
0.10685000000000144,6
0.11921300000000201,5
0.13268900000000272,5
0.14631800000000084,6
0.15922100000000228,6
0.17274100000000203,7
0.18620200000000153,8
0.19960100000000125,8
0.21380200000000116,10
0.22763199999999983,9
0.2414100000000019,8
0.25597199999999987,6
0.27023300000000106,6
0.2838160000000016,4
0.29828099999999935,3
0.3116170000000018,1
0.3248960000000025,1
0.3380340000000004,1
0.35198700000000116,1
0.3654580000000003,2
0.37908700000000195,2
0.3938020000000009,3
0.4078720000000011,3
0.4217119999999994,5
0.4362610000000018,3
0.4501550000000023,4
0.46479599999999976,2
0.4785970000000006,1
0.4917240000000014,1
0.5048969999999997,1
0.5181240000000003,1
0.5324670000000005,1
0.5465310000000017,0
0.5597480000000026,0
0.5742590000000014,0
0.587847,1
0.6010600000000004,2
0.6146069999999995,1
0.6285440000000015,1
0.6418580000000027,1
0.6568339999999999,1
0.6696880000000007,1
0.6830960000000026,1
0.6973780000000005,2
0.7113809999999994,2
0.7259899999999995,2
0.7402650000000008,2
0.7545719999999996,1
0.7680159999999994,1
0.7818889999999996,1
0.7959600000000009,2
0.8092850000000027,3
0.8230850000000025,3
0.836233,3
0.8499809999999997,4
0.8638750000000002,4
0.8774520000000017,5
0.8908699999999996,5
0.9045330000000007,4
0.9191460000000014,4
0.9339380000000013,-7
0.9457970000000024,-5
0.0028740000000020416,20
0.014444000000001012,22
0.025850000000001927,20
0.04016200000000225,21
0.05412300000000059,21
0.06859700000000046,19
0.08278600000000225,18
0.09645900000000296,19
0.1102160000000012,15
0.12187400000000181,12
0.13669900000000013,9
0.15039500000000317,7
0.16371400000000236,4
0.17454400000000092,3
0.18843800000000144,2
0.2017520000000026,3
0.21544800000000208,2
0.22911000000000215,1
0.242363000000001,0
0.2556950000000029,0
0.269954000000002,1
0.282941000000001,1
0.300022000000002,1
0.31366000000000227,2
0.3278940000000006,2
0.3418910000000004,2
0.3560730000000021,3
0.37002600000000285,2
0.3842790000000029,2
0.3982700000000001,2
0.41236000000000317,2
0.4263370000000002,1
0.4404230000000027,1
0.45402699999999996,0
0.46735900000000186,-2
0.48145799999999994,-1
0.49500200000000305,-3
0.5087600000000023,-3
0.5223080000000024,-3
0.5351910000000011,-2
0.5492970000000028,-2
0.563321000000002,-1
0.5773960000000002,1
0.5913260000000022,1
0.6059820000000009,2
0.6213210000000018,1
0.6357630000000007,2
0.6497050000000009,2
0.6639720000000011,1
0.6774890000000013,2
0.6916410000000006,1
0.7055889999999998,1
0.7201460000000033,0
0.7340840000000028,1
0.7476630000000029,1
0.7607340000000029,1
0.774244000000003,1
0.787899000000003,2
0.801477000000002,2
0.8148710000000001,1
0.8284510000000012,2
0.8426540000000031,2
0.8567220000000013,0
0.8702320000000014,0
0.8843650000000025,0
0.898214000000003,-1
0.9115929999999999,1
0.9258260000000007,5
0.9379740000000005,0
0.0026589999999977465,8
0.013861999999999597,8
0.02814599999999956,11
0.03994600000000048,10
0.05426800000000043,15
0.06585299999999705,16
0.08002799999999866,16
0.09434699999999907,14
0.10829799999999778,14
0.12240999999999858,12
0.1356509999999993,11
0.14929799999999815,11
0.16253799999999785,11
0.176244999999998,9
0.19005399999999995,8
0.20324899999999957,8
0.21640000000000015,7
0.2305749999999982,6
0.24401100000000042,6
0.25841899999999995,6
0.27165299999999704,7
0.2848729999999975,7
0.2989759999999997,8
0.312738999999997,8
0.3270409999999977,8
0.3406640000000003,8
0.35497299999999754,6
0.3695389999999996,4
0.38333300000000037,3
0.3969339999999981,3
0.41080399999999884,3
0.4236879999999985,2
0.436913999999998,3
0.450885999999997,1
0.4644319999999986,2
0.47834800000000044,2
0.49152099999999876,3
0.5054300000000005,2
0.519565,3
0.5338999999999992,3
0.5474999999999994,3
0.5614649999999983,3
0.5750829999999993,2
0.588709999999999,2
0.6022909999999975,1
0.6157709999999987,1
0.6291639999999994,2
0.6423009999999998,2
0.6556399999999982,3
0.6696489999999997,4
0.683996999999998,6
0.6982999999999997,6
0.712100999999997,6
0.7258129999999987,5
0.7395399999999981,4
0.7532049999999977,3
0.7671150000000004,2
0.7805299999999988,2
0.794122999999999,1
0.8077609999999993,0
0.8210529999999991,0
0.8342969999999994,0
0.8473269999999999,1
0.8612769999999976,1
0.874883999999998,1
0.8887619999999998,0
0.902708999999998,0
0.9171269999999971,1
0.9320029999999981,2
0.9459049999999998,-2
0.002368000000000592,18
0.01435599999999937,24
0.026081000000001353,28
0.03787600000000069,30
0.04950099999999935,33
0.06186800000000048,34
0.07616600000000062,32
0.08951899999999924,31
0.10314599999999885,32
0.1165699999999994,29
0.1307539999999996,28
0.14421799999999863,28
0.15807600000000122,27
0.17195299999999847,27
0.18608000000000047,26
0.20038100000000014,22
0.21227400000000074,21
0.22611399999999904,20
0.24081999999999937,19
0.2541620000000009,16
0.26852500000000035,13
0.2826859999999982,13
0.29602900000000076,12
0.30985700000000094,10
0.3240109999999987,11
0.3370570000000015,11
0.35039199999999937,10
0.36376399999999975,11
0.37760700000000114,12
0.3908239999999985,11
0.4052970000000009,10
0.41908499999999904,9
0.43314200000000014,9
0.4463650000000001,10
0.4603359999999981,10
0.4751419999999982,10
0.48888099999999923,9
0.5033880000000011,8
0.5176139999999982,8
0.5319819999999993,7
0.5457180000000008,7
0.5591019999999993,6
0.5730730000000008,5
0.5867809999999984,5
0.5998160000000006,5
0.6134079999999997,6
0.6265140000000002,6
0.640115999999999,6
0.654046000000001,6
0.6675730000000009,7
0.681557999999999,6
0.6958470000000005,7
0.7098359999999992,6
0.7241019999999985,5
0.7385239999999982,4
0.7524179999999987,3
0.7653789999999994,3
0.7792649999999988,3
0.792273999999999,2
0.8055829999999986,2
0.8194690000000016,2
0.8333370000000002,1
0.8474299999999992,1
0.860790999999999,1
0.8741829999999986,1
0.8873190000000015,1
0.9008409999999998,1
0.915227999999999,3
0.9293590000000016,2
0.9433560000000014,-3
0.0025860000000008654,16
0.014685000000000059,21
0.02636799999999795,22
0.039676000000000045,23
0.05454599999999843,26
0.06669300000000078,22
0.07818599999999876,19
0.09211300000000122,18
0.10577599999999876,17
0.11981799999999865,16
0.13405299999999798,14
0.14782299999999893,15
0.16190699999999936,13
0.17578999999999922,12
0.1894619999999989,11
0.2035429999999998,8
0.21720200000000034,7
0.23045799999999872,7
0.2435779999999994,7
0.2564479999999989,6
0.27053399999999783,5
0.2839749999999981,3
0.29738499999999846,3
0.3109970000000004,3
0.32357000000000014,3
0.33799899999999994,5
0.3528449999999985,7
0.3665050000000001,7
0.38043099999999797,8
0.39534499999999895,7
0.40916199999999847,7
0.42284899999999936,7
0.4365699999999997,5
0.4512049999999981,3
0.46450499999999906,2
0.47861199999999826,2
0.49185500000000104,2
0.5050999999999988,3
0.5201709999999977,2
0.5348219999999984,2
0.5484580000000001,3
0.5622129999999999,1
0.5764050000000012,3
0.5895919999999997,3
0.6035630000000012,2
0.6172660000000008,2
0.6313159999999982,2
0.6461259999999989,2
0.6597170000000006,2
0.6740120000000012,4
0.6872429999999987,4
0.7017659999999992,3
0.7160229999999999,2
0.7297790000000006,2
0.7434089999999998,2
0.7569899999999983,3
0.7707419999999985,3
0.7840099999999985,3
0.7971180000000011,4
0.8106569999999991,3
0.8253479999999982,5
0.8391589999999987,4
0.8538069999999998,2
0.8689150000000012,-5
0.8813069999999996,-3
0.8947420000000008,-1
0.0026079999999986114,14
0.014558999999998434,16
0.028264000000000067,16
0.04207299999999847,20
0.05385800000000174,21
0.06712100000000021,19
0.08086199999999977,20
0.09410799999999853,15
0.1057850000000009,12
0.11979499999999987,9
0.13320500000000024,7
0.14759099999999847,7
0.16119899999999987,4
0.1722430000000017,4
0.18541400000000152,3
0.19868299999999905,2
0.21210299999999904,2
0.22524100000000047,2
0.23871099999999856,1
0.25262400000000085,1
0.2662879999999994,1
0.27972099999999855,1
0.29363700000000037,1
0.3075599999999987,1
0.32127200000000045,2
0.33558100000000124,2
0.3491490000000006,2
0.3640390000000018,2
0.37751799999999847,1
0.391451,2
0.4050420000000017,1
0.4191110000000009,0
0.43255900000000125,0
0.44557299999999955,0
0.4594290000000001,-1
0.47224999999999895,-3
0.4860049999999987,-4
0.49943199999999877,-3
0.5128249999999994,-3
0.5258499999999984,-3
0.5393989999999995,-2
0.5528030000000008,-1
0.5659719999999986,-1
0.5804469999999995,-1
0.594380000000001,-1
0.6077879999999993,-1
0.6219730000000006,1
0.6355269999999997,1
0.6491480000000003,1
0.6634749999999983,1
0.6770360000000011,1
0.6913809999999998,1
0.7052550000000011,1
0.718990999999999,2
0.7331150000000015,1
0.7469089999999987,1
0.7613930000000018,2
0.7752799999999986,3
0.7901239999999987,3
0.8037209999999995,3
0.8179499999999997,2
0.8320310000000006,2
0.8457790000000003,2
0.8594159999999995,2
0.8732949999999988,2
0.8873269999999991,2
0.901053000000001,0
0.9160250000000012,0
0.9301850000000016,1
0.9445830000000015,1
0.00244599999999906,5
0.014748999999998347,11
0.026519000000000403,12
0.04079199999999972,18
0.05271899999999974,18
0.06634499999999832,19
0.08010900000000021,18
0.09418600000000055,16
0.10846799999999845,12
0.12057000000000073,12
0.13515499999999747,11
0.14891099999999824,11
0.16292899999999833,8
0.17622499999999874,7
0.189349,7
0.20269199999999898,5
0.21614499999999737,6
0.22915899999999922,6
0.24222699999999975,5
0.25587799999999916,7
0.2690330000000003,9
0.28349099999999794,8
0.2970979999999983,8
0.31089000000000055,9
0.3246140000000004,8
0.33829000000000065,7
0.3520639999999986,7
0.36681199999999947,4
0.3782849999999982,5
0.3920989999999982,3
0.4061679999999974,3
0.4205970000000008,1
0.4344609999999989,2
0.44827399999999784,2
0.46192800000000034,1
0.4750659999999982,1
0.48860499999999973,0
0.5031959999999991,1
0.5173889999999979,0
0.5307089999999981,1
0.5445759999999993,1
0.558094999999998,0
0.5726099999999974,-1
0.5872320000000002,0
0.6005919999999989,-2
0.6144379999999998,0
0.6276709999999994,1
0.6410400000000003,2
0.6548449999999981,4
0.6682719999999982,5
0.6831770000000006,6
0.6974279999999986,6
0.7123279999999994,5
0.7283969999999975,4
0.7423779999999987,3
0.7561269999999993,2
0.7694979999999987,1
0.7823209999999996,1
0.7954749999999997,1
0.8092620000000004,1
0.8227799999999981,2
0.8363379999999978,2
0.8502340000000004,2
0.8633719999999983,1
0.8766700000000007,1
0.8914849999999994,0
0.9065769999999986,1
0.9203480000000006,-2
0.002216999999998137,16
0.013390999999998598,18
0.025074999999997516,16
0.03906499999999724,22
0.050679999999999836,23
0.06446099999999788,26
0.07580600000000004,27
0.08966699999999861,26
0.10344100000000012,25
0.11843999999999966,24
0.13255099999999942,21
0.14676299999999998,20
0.16024699999999825,21
0.17337399999999903,18
0.18752899999999784,17
0.2018199999999979,16
0.21598899999999688,16
0.229613999999998,14
0.24319599999999753,13
0.2573309999999971,12
0.27115399999999923,12
0.28427199999999786,12
0.2977279999999993,12
0.31175799999999754,10
0.3258510000000001,11
0.33993899999999755,11
0.3536059999999992,12
0.36720299999999995,12
0.381497999999997,11
0.396331,9
0.40983599999999853,9
0.42321999999999704,9
0.43674899999999894,7
0.45007099999999767,8
0.4634159999999987,8
0.47694299999999856,8
0.49029799999999923,8
0.5045450000000002,8
0.5182979999999979,8
0.532743,7
0.546599999999998,6
0.5605319999999985,6
0.5741459999999989,5
0.5873779999999975,5
0.600719999999999,4
0.6143979999999978,5
0.6276169999999972,5
0.6411789999999975,5
0.6547029999999978,5
0.6689849999999993,6
0.6828789999999998,6
0.696159999999999,5
0.7099060000000001,5
0.7238819999999997,4
0.7371049999999997,4
0.7505309999999987,4
0.7647309999999976,3
0.7779220000000002,2
0.7916419999999995,3
0.8052069999999993,3
0.8189669999999971,2
0.8326069999999994,2
0.8465799999999994,0
0.860205999999998,0
0.8740929999999985,0
0.8875949999999975,1
0.9015189999999969,1
0.914985999999999,0
0.9304229999999976,1
0.9449719999999999,3
0.9586819999999996,-5
0.0022820000000010054,19
0.014352999999999838,23
0.025947000000002163,25
0.0375120000000031,23
0.05142800000000136,20
0.06495699999999971,18
0.07830400000000282,18
0.09220800000000295,15
0.10631400000000113,15
0.12027199999999993,14
0.13418000000000063,13
0.14732500000000215,13
0.16108100000000292,13
0.17388000000000048,14
0.18763500000000022,14
0.20107400000000197,14
0.21519200000000183,14
0.22858500000000248,13
0.2427860000000024,11
0.25638300000000314,9
0.27047300000000263,7
0.28388400000000047,4
0.29537600000000097,3
0.3083030000000022,3
0.32172100000000015,3
0.33525900000000064,4
0.34924600000000083,4
0.36298299999999983,4
0.3766410000000029,5
0.39001200000000225,5
0.4044660000000029,7
0.41908300000000054,6
0.43278800000000217,6
0.44658700000000096,7
0.46074000000000126,5
0.47467200000000176,3
0.4888159999999999,3
0.5019100000000023,3
0.5155030000000025,2
0.5289440000000027,2
0.5433280000000025,2
0.5571250000000028,3
0.5703550000000028,3
0.5837990000000026,3
0.5977860000000028,2
0.6118570000000005,2
0.6262460000000019,2
0.639718000000002,1
0.6527560000000001,1
0.6663330000000016,1
0.6802500000000009,2
0.6940030000000021,2
0.7072670000000016,2
0.7208269999999999,3
0.7343190000000028,3
0.7481600000000022,2
0.7622490000000006,1
0.7766910000000031,1
0.7905620000000013,1
0.803955000000002,3
0.8176270000000017,4
0.8319500000000026,4
0.8456210000000013,5
0.8593150000000023,5
0.8729820000000004,5
0.8864240000000017,6
0.9001930000000016,5
0.9151699999999998,3
0.9298870000000008,2
0.9443470000000005,-6
0.9553810000000027,0
0.002594999999999459,16
0.014338999999999658,20
0.02568499999999929,21
0.03947600000000051,25
0.05102199999999968,25
0.06645599999999874,27
0.07870000000000132,20
0.08989199999999897,19
0.10411200000000065,16
0.11802399999999835,14
0.13189799999999963,8
0.14339700000000022,8
0.15678000000000125,5
0.16814600000000013,5
0.18133599999999817,4
0.19418899999999795,3
0.20760299999999887,2
0.2214749999999981,1
0.2347910000000013,0
0.24831100000000106,1
0.26147900000000135,1
0.2746630000000003,1
0.2880280000000006,1
0.3013130000000004,1
0.3148149999999994,1
0.32871000000000095,1
0.34253100000000103,2
0.35680500000000137,1
0.3707039999999999,2
0.38494599999999934,1
0.3984349999999992,1
0.4117929999999994,1
0.42526200000000003,0
0.43889799999999823,-2
0.45253800000000055,-3
0.4657839999999993,-3
0.47897999999999996,-4
0.49275499999999894,-3
0.5060760000000002,-4
0.5196649999999998,-3
0.5328790000000012,-3
0.5465309999999981,-2
0.5601139999999987,-2
0.5741389999999988,-1
0.5876659999999987,-1
0.6019439999999996,0
0.615590000000001,-1
0.6292979999999986,0
0.6430709999999991,-1
0.6567900000000009,0
0.6698789999999981,0
0.6840769999999985,0
0.6984919999999981,-1
0.7121689999999994,-1
0.726026000000001,0
0.7395269999999989,-1
0.7532579999999989,1
0.7668679999999988,2
0.781561,2
0.7956499999999984,3
0.8089669999999991,2
0.823205999999999,2
0.8374780000000008,2
0.8519189999999988,2
0.8654000000000011,1
0.8800139999999992,0
0.8938489999999994,0
0.9089969999999994,0
0.9229960000000013,2
0.9368920000000003,-1
0.0021290000000000475,10
0.013608999999998872,12
0.027179000000000286,17
0.039874000000001075,22
0.05183600000000155,22
0.06545600000000107,21
0.07922500000000099,20
0.09312399999999954,17
0.10689299999999946,15
0.1210489999999993,13
0.1349979999999995,12
0.14821699999999893,10
0.16125600000000162,10
0.17515300000000167,10
0.188288,9
0.20197399999999988,10
0.2162450000000007,9
0.22990599999999972,10
0.24389000000000038,10
0.2588700000000017,10
0.27286199999999994,11
0.2864919999999991,11
0.30078900000000175,10
0.31442699999999846,9
0.3294080000000008,6
0.34137600000000035,6
0.3549819999999997,5
0.369294,3
0.38216600000000156,3
0.39598200000000006,1
0.4090740000000004,1
0.4225990000000017,2
0.4358700000000013,2
0.4493229999999997,1
0.46291300000000035,2
0.4766769999999987,1
0.49067600000000056,1
0.5045290000000016,2
0.5188880000000005,2
0.5318739999999984,3
0.5464540000000007,4
0.5600039999999993,3
0.5745660000000008,2
0.5890580000000014,2
0.6025409999999987,2
0.6160339999999991,2
0.6287120000000002,3
0.6422999999999988,3
0.6565890000000003,5
0.6708859999999994,4
0.6846020000000017,6
0.6984220000000008,5
0.7124060000000014,5
0.7259969999999996,4
0.7401529999999994,3
0.754289,2
0.7682169999999999,2
0.7821679999999986,1
0.7954420000000013,0
0.8086090000000006,1
0.8216329999999985,0
0.8353670000000015,1
0.8487299999999998,1
0.8622979999999991,1
0.8762720000000002,1
0.8897189999999995,-1
0.9035609999999998,1
0.9178420000000003,-1
0.0022479999999980294,5
0.01354899999999759,11
0.026284999999997893,10
0.039762999999997106,15
0.051273999999999376,18
0.06338699999999875,14
0.07493999999999801,14
0.08862599999999787,12
0.10185299999999842,12
0.11630899999999755,11
0.12971199999999783,11
0.14348799999999784,10
0.1578179999999989,9
0.17150299999999774,7
0.18583199999999778,7
0.19930300000000045,6
0.21303899999999842,7
0.22740399999999994,6
0.2404839999999986,6
0.25431099999999773,6
0.2681339999999999,5
0.28202899999999786,5
0.29542499999999805,3
0.30952800000000025,4
0.322854999999997,4
0.33686799999999906,4
0.3549669999999985,5
0.36896600000000035,4
0.42851599999999834,5
0.4416659999999979,6
0.4550049999999999,8
0.4692779999999992,7
0.4830679999999994,7
0.49727299999999985,6
0.5114349999999988,6
0.5257149999999982,8
0.5389799999999987,7
0.5532259999999987,8
0.5676609999999975,7
0.5815819999999974,6
0.5957229999999996,5
0.6095179999999978,6
0.6233799999999974,4
0.6366769999999988,5
0.6501449999999984,5
0.6631590000000003,5
0.6767279999999971,5
0.690574999999999,5
0.704425999999998,4
0.7180469999999985,4
0.732246,3
0.7456819999999986,3
0.7598979999999997,2
0.774165,1
0.7879489999999976,1
0.8015799999999977,0
0.8152589999999975,1
0.8288200000000003,0
0.842763999999999,0
0.8564930000000004,1
0.8695209999999989,0
0.8833059999999975,1
0.8970889999999976,0
0.9103219999999972,2
0.9247029999999974,6
0.9370039999999982,0
0.0024340000000009354,18
0.014389999999998793,22
0.026097000000000037,20
0.039346999999999355,21
0.05284199999999828,23
0.06457900000000194,18
0.07638000000000034,19
0.09103499999999798,16
0.10411700000000224,17
0.11857299999999782,14
0.13314499999999896,15
0.147396999999998,14
0.16060300000000183,14
0.17399199999999837,14
0.18820200000000398,14
0.20264500000000396,13
0.2167050000000046,12
0.23092700000000121,9
0.2446120000000036,9
0.2580900000000028,8
0.27127699999999777,7
0.2848430000000022,5
0.29826100000000366,4
0.3118990000000039,3
0.32571399999999784,4
0.33892399999999867,5
0.35347699999999804,5
0.36728300000000047,8
0.379567999999999,6
0.3935379999999995,7
0.40783799999999815,8
0.42219700000000415,8
0.436475999999999,10
0.45032900000000353,8
0.4644529999999989,6
0.47777599999999865,6
0.4910029999999992,6
0.5046060000000026,3
0.5164550000000006,4
0.5296470000000042,4
0.543416999999998,3
0.5574790000000007,2
0.571041000000001,2
0.585093999999998,2
0.598741000000004,1
0.6125809999999987,1
0.6257750000000044,0
0.6386540000000025,0
0.6523269999999997,0
0.665697999999999,0
0.6787330000000011,1
0.6927009999999996,2
0.706547999999998,2
0.720119000000004,2
0.734371000000003,2
0.749247000000004,1
0.7624089999999981,1
0.7763550000000023,2
0.7894220000000018,1
0.8029870000000017,3
0.8172479999999993,3
0.8307530000000014,3
0.8444709999999986,4
0.8587010000000035,4
0.8720980000000012,4
0.8860779999999977,3
0.8999060000000014,4
0.9147159999999985,1
0.9272619999999989,-5
0.9396869999999993,-2
0.0022019999999969286,18
0.01380100000000084,15
0.027574999999998795,18
0.03944399999999604,16
0.05292699999999684,16
0.06694499999999692,17
0.08090500000000134,17
0.09586300000000136,16
0.10941899999999549,14
0.12332299999999918,14
0.13660300000000092,12
0.15071900000000227,12
0.16490499999999741,13
0.17832999999999544,11
0.19176399999999916,11
0.20634100000000188,9
0.22128699999999668,10
0.23494099999999918,10
0.24870500000000106,9
0.26252600000000115,9
0.2767769999999956,10
0.2904800000000023,8
0.3042680000000004,9
0.318171999999997,8
0.3313789999999983,8
0.34455899999999673,8
0.3588930000000019,8
0.3727170000000015,7
0.3868629999999982,6
0.4013360000000006,5
0.415222,4
0.4292689999999979,4
0.4425460000000001,2
0.45614099999999524,1
0.4697049999999976,0
0.48340400000000017,0
0.49709299999999956,0
0.5104529999999983,1
0.5239460000000022,2
0.5374959999999973,3
0.5513019999999997,5
0.5652119999999954,6
0.5789429999999953,6
0.5936769999999996,7
0.6078199999999967,6
0.6211279999999988,7
0.6360449999999958,5
0.6500270000000015,6
0.6639709999999965,5
0.6779689999999974,4
0.6924309999999991,3
0.7063610000000011,3
0.7192999999999969,2
0.7325760000000017,2
0.7450789999999969,2
0.7601849999999999,1
0.7734829999999988,2
0.7866870000000006,2
0.8009589999999989,2
0.8138549999999967,3
0.8280689999999993,2
0.8421230000000008,3
0.8560060000000007,2
0.8695599999999999,2
0.8824649999999963,2
0.8957860000000011,1
0.9092369999999974,1
0.9232179999999985,0
0.9375989999999987,-1
0.9517960000000016,0
0.965795,-2
0.0025009999999952015,8
0.014293999999999585,14
0.02677999999999514,14
0.04125599999999707,21
0.052858000000000516,23
0.0651629999999983,23
0.0785629999999955,23
0.09266099999999966,23
0.1071979999999968,21
0.12211800000000039,22
0.13576899999999625,19
0.14951599999999843,17
0.16352700000000198,15
0.17736999999999625,15
0.19041399999999697,14
0.20374599999999532,15
0.21733400000000103,16
0.2308930000000018,15
0.24518899999999633,17
0.25672199999999634,18
0.270623999999998,18
0.28494099999999634,18
0.2992279999999994,18
0.3132790000000014,15
0.3271709999999999,15
0.3415059999999954,14
0.35450199999999654,12
0.36853299999999933,13
0.38326699999999647,11
0.3975629999999981,11
0.4114190000000022,9
0.42512699999999626,9
0.4386080000000021,9
0.4523060000000001,9
0.4657139999999984,9
0.47985599999999806,9
0.49429500000000104,9
0.508738000000001,10
0.5224970000000013,9
0.535969999999999,9
0.5498909999999952,8
0.5646009999999961,5
0.5771280000000019,5
0.5903709999999975,6
0.6038560000000004,6
0.6174279999999968,6
0.6316699999999997,6
0.6461199999999963,6
0.6602279999999965,7
0.6740560000000002,7
0.6889430000000019,6
0.7034739999999999,4
0.716822999999998,3
0.7303799999999967,2
0.7438549999999964,2
0.7574180000000013,1
0.7705399999999969,1
0.7840679999999978,1
0.7968490000000017,2
0.8103830000000016,3
0.8240520000000018,2
0.8372309999999956,3
0.851776000000001,2
0.8657229999999956,1
0.8800929999999951,-1
0.8943930000000009,-1
0.9075989999999976,-2
0.0023780000000002133,10
0.014510000000001355,17
0.025874999999999204,18
0.03961299999999568,21
0.05124399999999696,22
0.06509899999999647,27
0.07653400000000232,25
0.09107000000000198,20
0.10244699999999796,19
0.11627800000000121,17
0.13031199999999643,16
0.14374300000000062,15
0.15686499999999626,15
0.17038000000000153,13
0.18358699999999573,11
0.19656400000000218,10
0.2098659999999981,9
0.22375499999999704,9
0.2374499999999955,8
0.2512270000000001,8
0.2649630000000016,8
0.2781889999999976,8
0.2914829999999995,7
0.30546799999999763,7
0.3186859999999996,7
0.3318390000000022,7
0.34581200000000223,8
0.3591899999999981,8
0.37358799999999803,7
0.3883159999999961,7
0.40212100000000106,7
0.41509699999999583,6
0.42874499999999927,6
0.44292099999999834,6
0.45676300000000225,7
0.46998800000000074,6
0.48352700000000226,6
0.4970920000000021,6
0.5110409999999987,5
0.5246519999999961,4
0.5385020000000011,5
0.5517460000000014,3
0.5650350000000017,3
0.5787300000000002,3
0.5925820000000002,2
0.6063299999999998,2
0.619926999999997,3
0.6341929999999962,3
0.6471079999999958,2
0.6603899999999996,3
0.6746979999999994,4
0.6884149999999991,3
0.7025080000000017,4
0.7165639999999982,4
0.7304820000000021,4
0.7442379999999957,4
0.7582499999999968,2
0.7722550000000012,1
0.7855289999999968,1
0.7986179999999976,1
0.8118729999999985,2
0.8252939999999995,1
0.8387839999999969,0
0.8524570000000011,1
0.8661850000000015,1
0.8782489999999967,1
0.89208,2
0.9067159999999959,1
0.9210629999999966,2
0.9358220000000017,-1
0.9480939999999975,3
0.9602640000000022,-5
0.002225000000002808,21
0.013691000000001452,20
0.027163000000001603,23
0.038781000000000176,22
0.05241800000000296,21
0.0662540000000007,21
0.08038799999999924,19
0.0937410000000014,21
0.10601600000000388,19
0.11981699999999762,18
0.1334149999999994,18
0.14662899999999723,20
0.1586629999999971,20
0.17229000000000383,20
0.18608700000000056,21
0.19970599999999905,22
0.2139620000000022,20
0.22737200000000257,20
0.24196299999999837,15
0.2530959999999993,15
0.2668329999999983,13
0.28124799999999794,10
0.29468299999999914,8
0.3085090000000008,5
0.319974000000002,4
0.33332699999999704,3
0.3469529999999992,2
0.35970100000000116,3
0.3739520000000027,3
0.386651999999998,3
0.3998890000000017,4
0.41345900000000313,5
0.4273510000000016,4
0.44095500000000243,5
0.45478299999999905,5
0.46796900000000363,3
0.4823430000000002,2
0.49564399999999864,2
0.5095010000000002,2
0.5223939999999985,1
0.5354790000000023,3
0.5489040000000003,3
0.5619250000000022,3
0.5757329999999996,3
0.5896430000000024,3
0.6035129999999995,3
0.6173119999999983,3
0.6308580000000035,2
0.6449679999999987,3
0.6590300000000013,2
0.6721319999999977,3
0.6856000000000009,3
0.6999630000000039,2
0.7141050000000035,3
0.7284020000000027,3
0.7420389999999983,2
0.755982000000003,3
0.7692460000000025,2
0.7821909999999974,1
0.7964619999999982,3
0.8100710000000007,4
0.8230000000000004,3
0.8368499999999983,4
0.8523599999999973,5
0.8659200000000027,5
0.8798340000000024,4
0.8945250000000016,2
0.910338000000003,-4
0.9223920000000021,-7
0.9333969999999994,-4
0.0022239999999982274,15
0.013477999999999213,16
0.027134000000003766,19
0.03882000000000119,22
0.05032500000000084,19
0.06338699999999875,17
0.07655900000000315,18
0.09057700000000324,11
0.10236499999999893,10
0.11586599999999692,9
0.1292100000000005,9
0.1427710000000033,6
0.1546859999999981,5
0.16913600000000173,4
0.1831409999999991,3
0.19648300000000063,1
0.20947600000000222,1
0.22305399999999764,0
0.2363369999999989,-1
0.24965499999999707,0
0.26257900000000234,0
0.2765970000000024,0
0.2895329999999987,0
0.3021839999999969,0
0.31543299999999874,0
0.32881600000000333,-1
0.341940000000001,0
0.3559449999999984,0
0.3689370000000025,0
0.38201999999999714,-1
0.39583100000000115,-1
0.40956800000000015,-1
0.4234390000000019,-1
0.43643300000000096,-1
0.4498669999999976,-1
0.46369800000000083,-3
0.4782130000000038,-4
0.491813999999998,-5
0.5052459999999996,-5
0.5185180000000003,-4
0.5317099999999968,-3
0.5459540000000018,-3
0.5599950000000007,-3
0.5739620000000016,-3
0.588552,-1
0.6022540000000021,-2
0.6158190000000019,-1
0.629959999999997,-1
0.6448469999999986,0
0.6587600000000009,-1
0.6728019999999972,0
0.6864380000000025,0
0.7002570000000006,0
0.7139689999999987,0
0.7282119999999992,0
0.7411560000000037,-1
0.7552239999999983,0
0.7694540000000032,0
0.7831060000000036,1
0.7962289999999967,1
0.8110050000000015,2
0.8242309999999975,1
0.8388220000000004,2
0.8529539999999969,2
0.8664920000000009,2
0.8800579999999982,1
0.893540999999999,1
0.9065319999999986,1
0.9208690000000033,1
0.9354709999999997,3
0.9504319999999993,10
0.9625050000000002,2
0.0022519999999985885,10
0.013576999999997952,13
0.0251829999999984,17
0.036695999999999174,16
0.050246000000001345,18
0.0620970000000014,21
0.07396700000000322,21
0.08775699999999631,21
0.10141300000000086,21
0.11560500000000218,20
0.12931300000000334,19
0.14327200000000317,18
0.15756300000000323,17
0.1713529999999963,17
0.1849860000000021,15
0.19906300000000243,15
0.2120790000000028,13
0.22551500000000146,13
0.23891499999999866,12
0.2526950000000028,11
0.2657340000000019,12
0.27928599999999904,12
0.2927889999999991,12
0.30673699999999826,13
0.32107500000000044,12
0.33468500000000034,12
0.3487259999999992,11
0.3627299999999991,11
0.37566300000000297,8
0.38931699999999836,5
0.4009199999999993,4
0.414045999999999,3
0.4274020000000007,2
0.4411350000000027,4
0.4542900000000003,4
0.4671209999999988,3
0.48024699999999854,3
0.4938549999999964,3
0.5066180000000031,3
0.5202620000000024,4
0.5344979999999993,4
0.5481770000000026,5
0.5617850000000004,5
0.575763000000002,4
0.5902090000000015,5
0.6039239999999992,3
0.6173670000000016,3
0.6310339999999997,2
0.6447280000000006,3
0.6581779999999995,3
0.670735999999998,4
0.6840180000000018,5
0.698520000000002,7
0.7124250000000032,8
0.7264509999999973,7
0.7407960000000031,7
0.7550290000000004,6
0.7692460000000025,4
0.7835389999999975,4
0.797975000000001,2
0.8108879999999985,3
0.8242609999999999,2
0.8380149999999986,2
0.851733000000003,2
0.8657929999999965,3
0.8789990000000003,2
0.8923770000000033,2
0.9061570000000003,2
0.9201619999999977,0
0.9352000000000018,-3
0.9461469999999963,1
0.9573800000000006,-3
0.0025990000000035707,8
0.014403000000001498,11
0.026174000000004582,15
0.038007000000000346,21
0.04895400000000194,23
0.06013599999999997,24
0.07351799999999997,22
0.08759200000000078,22
0.10124199999999917,20
0.11550000000000438,21
0.12973900000000071,19
0.14313800000000043,18
0.1587420000000037,17
0.17182900000000245,15
0.18553599999999904,13
0.19980600000000237,11
0.21335499999999996,12
0.22652300000000025,11
0.2396140000000031,11
0.25315100000000257,12
0.26758900000000096,12
0.2807730000000035,12
0.2946760000000026,12
0.30837600000000265,11
0.32231900000000024,10
0.335480000000004,11
0.34913099999999986,10
0.3634850000000043,10
0.37711800000000295,8
0.390625,9
0.404512000000004,9
0.4181900000000027,9
0.4309739999999991,9
0.4444069999999982,8
0.4574309999999997,7
0.4707610000000031,8
0.48402200000000306,8
0.49711899999999787,8
0.5109350000000035,7
0.5245880000000014,6
0.538533000000001,5
0.5524210000000025,5
0.5660480000000021,6
0.5790580000000034,6
0.5926060000000035,6
0.6067150000000012,5
0.6201229999999995,6
0.634053999999999,6
0.6478839999999977,7
0.6613839999999982,6
0.675142000000001,6
0.689349,4
0.7027760000000001,5
0.7166800000000038,3
0.7305530000000005,4
0.743980999999998,2
0.7576669999999979,2
0.7713820000000027,2
0.7851819999999989,1
0.7986629999999977,1
0.8120170000000044,0
0.826000999999998,1
0.8402080000000041,1
0.8537530000000046,1
0.8675759999999997,1
0.8819879999999998,7
0.8947000000000003,10
0.9065179999999984,1
0.0024069999999980496,11
0.014606000000000563,13
0.02831899999999621,17
0.039574000000001774,18
0.05354700000000179,20
0.06501599999999996,21
0.07905699999999882,20
0.09312500000000057,17
0.10648700000000133,15
0.1204269999999994,13
0.13488900000000115,12
0.14851099999999917,14
0.1617299999999986,13
0.17525400000000246,14
0.18828099999999637,14
0.20238599999999707,13
0.21626899999999694,14
0.2309229999999971,12
0.2448309999999978,10
0.2591540000000023,10
0.27313999999999794,8
0.28591699999999776,5
0.29720199999999863,5
0.31056099999999986,5
0.32358099999999723,4
0.33637099999999975,5
0.3499049999999997,5
0.3636020000000002,6
0.37794999999999845,6
0.39239599999999797,6
0.40664300000000253,7
0.42017700000000247,9
0.4346519999999998,6
0.4465009999999978,7
0.45980199999999627,4
0.4710940000000008,4
0.4854610000000008,0
0.49751899999999694,-2
0.510945999999997,-3
0.525348000000001,-4
0.5395269999999996,-4
0.5529749999999964,-3
0.5669120000000021,-3
0.5804880000000026,-5
0.5938760000000016,-5
0.6079640000000026,-7
0.6215249999999983,-8
0.6351319999999987,-9
0.648145999999997,-10
0.6606900000000024,-9
0.673763000000001,-9
0.6877250000000004,-9
0.7014789999999991,-10
0.7153899999999993,-9
0.7281809999999993,-10
0.7416210000000021,-9
0.7547089999999983,-9
0.7681240000000003,-9
0.7819590000000005,-7
0.7947959999999981,-7
0.8081999999999994,-6
0.8223709999999969,-4
0.8363359999999957,-4
0.8501449999999977,-1
0.8616930000000025,-1
0.8758429999999962,-1
0.8891840000000002,0
0.9030360000000002,-1
0.9168659999999988,-2
0.9305529999999962,-1
0.9442790000000016,4
0.9562230000000014,5
0.9709280000000007,0
0.0022360000000034574,22
0.013500000000000512,23
0.027112000000002467,26
0.038750000000000284,23
0.05208900000000227,27
0.06344500000000153,23
0.07431700000000063,24
0.0878190000000032,20
0.09914400000000256,21
0.11297100000000171,21
0.1263879999999986,21
0.14029399999999725,18
0.15438100000000077,19
0.1690929999999966,20
0.18284700000000242,18
0.1967560000000006,17
0.2099979999999988,16
0.2240189999999984,13
0.237560000000002,12
0.2511829999999975,10
0.264876000000001,11
0.27806400000000053,11
0.29175699999999694,10
0.3050789999999992,11
0.3187339999999992,10
0.3331749999999971,9
0.3495899999999992,9
0.36293799999999976,9
0.37600599999999673,8
0.38955399999999685,7
0.40445199999999915,7
0.4178349999999966,4
0.42887199999999837,4
0.44299999999999784,3
0.4567169999999976,2
0.47066600000000136,1
0.48379500000000064,0
0.4967940000000013,0
0.5100539999999967,1
0.523023000000002,2
0.5367150000000009,2
0.550379999999997,3
0.5639490000000009,3
0.577812999999999,3
0.5921000000000021,4
0.6058489999999992,4
0.6197200000000009,6
0.6339060000000032,5
0.6484230000000011,6
0.6620459999999966,6
0.6770059999999987,3
0.6886069999999975,4
0.7020309999999981,2
0.7167460000000005,1
0.7314379999999971,0
0.7449080000000023,0
0.7582310000000021,-1
0.7726339999999965,-1
0.7855950000000007,0
0.7990089999999981,0
0.8128000000000029,0
0.8266920000000013,0
0.8401259999999979,1
0.8551100000000034,0
0.8695650000000015,0
0.8833910000000031,-1
0.8964309999999998,-1
0.9104170000000025,-3
0.9245760000000018,1
0.9363249999999965,1
0.0025899999999978718,-3
0.014803999999998041,-2
0.02818500000000057,0
0.042176999999995246,2
0.05628699999999753,6
0.06770999999999816,9
0.0794739999999976,9
0.0937979999999996,8
0.10794800000000038,6
0.12167299999999415,4
0.1359250000000003,4
0.1493859999999998,4
0.1625439999999969,4
0.17625299999999555,3
0.18992499999999524,3
0.2039349999999942,2
0.21659099999999398,1
0.23002599999999518,1
0.2436439999999962,1
0.25686699999999973,1
0.270508999999997,3
0.2837199999999953,3
0.29736799999999874,3
0.3112479999999991,3
0.3255920000000003,3
0.338992999999995,3
0.35342399999999685,4
0.3670059999999964,2
0.381069999999994,0
0.3943259999999995,0
0.40819299999999714,0
0.4206389999999942,0
0.43379599999999385,1
0.44719199999999404,2
0.4605579999999989,1
0.4743919999999946,1
0.48763599999999485,1
0.500828999999996,1
0.514764999999997,1
0.5276959999999988,1
0.5412399999999948,1
0.5547830000000005,2
0.5686210000000003,2
0.5825599999999937,2
0.5960739999999944,2
0.610123999999999,2
0.6240409999999983,2
0.6382099999999937,3
0.6526390000000006,3
0.6666919999999976,4
0.6806619999999981,5
0.6942509999999942,5
0.7083449999999942,5
0.7226229999999987,6
0.736582999999996,5
0.7505359999999968,5
0.7640150000000006,2
0.7761509999999987,1
0.790298,0
0.8045240000000007,0
0.8176269999999946,-1
0.8309280000000001,0
0.8445989999999952,0
0.857533999999994,-1
0.8711289999999963,-2
0.8847179999999994,-2
0.898225999999994,-2
0.9130029999999962,-3
0.9275529999999961,-3
0.9415440000000004,-3
0.002385999999994226,26
0.014095999999995001,28
0.02546999999999855,32
0.037510999999994965,29
0.05117500000000064,28
0.06500599999999679,29
0.0792509999999993,27
0.09364099999999809,25
0.10668699999999376,25
0.120080999999999,23
0.1343209999999999,23
0.1476690000000005,23
0.16101299999999696,22
0.17499699999999763,20
0.18902299999999883,20
0.20328800000000058,19
0.2167919999999981,18
0.2307220000000001,18
0.2444679999999977,17
0.258312999999994,16
0.2717649999999949,16
0.28545799999999844,14
0.29834100000000063,13
0.3119429999999994,13
0.32505199999999945,14
0.33872399999999914,14
0.35220999999999947,13
0.3660289999999975,12
0.37995300000000043,12
0.39381099999999947,10
0.40747499999999803,10
0.42095199999999977,10
0.43534599999999557,9
0.44895599999999547,10
0.46281199999999956,11
0.476744999999994,9
0.4906819999999996,10
0.5046449999999965,8
0.5185519999999997,9
0.5323819999999984,9
0.5463939999999994,9
0.5600710000000007,8
0.5749609999999947,7
0.5890719999999945,7
0.602134999999997,6
0.6156039999999976,6
0.6291419999999945,7
0.6430189999999953,7
0.6569809999999947,7
0.6712659999999957,6
0.6848049999999972,7
0.6978079999999949,6
0.7110579999999942,6
0.7243519999999961,6
0.7382719999999949,5
0.7524199999999936,4
0.7659649999999942,3
0.7793779999999941,3
0.7927299999999988,2
0.8064529999999976,4
0.8205600000000004,2
0.8339099999999959,2
0.8474459999999979,2
0.8613870000000006,3
0.8753689999999992,2
0.8887900000000002,3
0.9020119999999991,3
0.9161709999999985,4
0.9302929999999989,8
0.9431989999999999,9
0.9570859999999968,-3
0.0021079999999997767,13
0.013480999999998744,17
0.024782999999999333,19
0.03692800000000318,20
0.05061700000000258,23
0.06256900000000343,25
0.0744370000000032,26
0.08845200000000375,24
0.102055,23
0.11601000000000283,23
0.12995099999999837,21
0.1436780000000013,21
0.15739200000000153,21
0.17182900000000245,20
0.18601800000000424,21
0.2003350000000026,20
0.2152239999999992,16
0.22664000000000328,16
0.24114000000000146,10
0.25331900000000473,6
0.26574200000000303,6
0.280655000000003,2
0.29223900000000214,2
0.3062320000000014,-1
0.31802499999999867,-1
0.332259999999998,-3
0.34653899999999993,-2
0.3598360000000014,-3
0.3735290000000049,-3
0.3866769999999988,-3
0.40039500000000317,-5
0.4137750000000011,-5
0.4277179999999987,-6
0.440767000000001,-8
0.45463900000000024,-8
0.46771800000000496,-10
0.480831000000002,-9
0.4945200000000014,-9
0.5084390000000027,-8
0.5224580000000003,-7
0.5358190000000036,-6
0.5494580000000013,-7
0.5634650000000008,-7
0.5765600000000006,-8
0.5904510000000016,-8
0.6038339999999991,-7
0.6171149999999983,-6
0.6309460000000016,-6
0.6442359999999994,-6
0.6587840000000043,-6
0.6725520000000031,-6
0.6856020000000029,-5
0.6983250000000041,-5
0.7120280000000037,-5
0.7252330000000029,-6
0.7384789999999981,-5
0.7523400000000038,-5
0.7648459999999986,-4
0.778767000000002,-1
0.7904279999999986,0
0.8038260000000008,2
0.817337000000002,3
0.8308859999999996,3
0.8447840000000042,4
0.8592879999999994,4
0.8733760000000004,4
0.8873090000000019,4
0.9018990000000002,4
0.9161220000000014,-3
0.9288260000000008,-1
0.0025799999999946976,13
0.01359599999999972,15
0.02807099999999707,18
0.03987199999999547,21
0.05184899999999715,25
0.06401299999999566,25
0.07784300000000144,23
0.091664999999999,19
0.10366099999999534,18
0.1177939999999964,17
0.13108499999999879,14
0.14508699999999664,12
0.15815899999999772,11
0.17166299999999524,9
0.18484799999999524,8
0.19876800000000117,9
0.21166900000000055,8
0.22493000000000052,8
0.2387820000000005,8
0.25158299999999656,8
0.265349999999998,8
0.2792559999999966,9
0.29286899999999605,8
0.30747399999999914,8
0.32156899999999666,7
0.3355419999999967,8
0.3490460000000013,7
0.3622869999999949,7
0.375788,6
0.3893819999999977,5
0.40303699999999765,4
0.4163999999999959,3
0.4291729999999987,2
0.44262299999999755,0
0.4561549999999954,0
0.4692099999999968,-1
0.48251199999999983,1
0.49562199999999734,3
0.5089789999999965,2
0.5225499999999954,3
0.5367109999999968,4
0.5504219999999975,4
0.5642399999999981,6
0.5794069999999962,8
0.5935079999999999,7
0.6080709999999954,7
0.621493000000001,7
0.6352229999999963,6
0.6493740000000017,5
0.6625659999999982,4
0.6763429999999957,4
0.6901599999999988,3
0.7034219999999962,3
0.7165709999999947,3
0.7297760000000011,2
0.743386000000001,2
0.7572899999999976,1
0.7708529999999953,2
0.7845889999999969,4
0.7983219999999989,4
0.8127459999999971,3
0.8274769999999947,2
0.8423239999999979,3
0.8548699999999982,2
0.8680549999999982,2
0.8812469999999948,1
0.894368,1
0.9073999999999955,1
0.921596000000001,0
0.9357550000000003,1
0.9497560000000007,-1
0.0026879999999991355,9
0.014457000000000164,14
0.02726700000000193,16
0.04091400000000078,19
0.05281200000000297,23
0.06466600000000255,23
0.07896500000000373,23
0.09307199999999938,22
0.10665600000000097,21
0.11992400000000458,19
0.134602000000001,17
0.14864400000000444,15
0.16253799999999785,13
0.17582500000000323,11
0.1894670000000005,12
0.20315899999999942,11
0.21683500000000322,11
0.23050800000000038,11
0.24338000000000193,11
0.25686600000000226,11
0.2708119999999994,12
0.2847620000000006,11
0.2987499999999983,12
0.31233600000000195,11
0.32595500000000044,11
0.33924900000000235,10
0.3530500000000032,9
0.3673660000000041,7
0.38102899999999806,6
0.39452200000000204,6
0.4077210000000022,5
0.42123699999999786,6
0.4343599999999981,4
0.44823399999999936,6
0.4615580000000037,6
0.4746780000000044,6
0.48803399999999897,6
0.5018530000000041,6
0.516255000000001,5
0.5296629999999993,5
0.5437670000000026,5
0.5583990000000014,4
0.5714710000000025,4
0.5848039999999983,5
0.598823000000003,4
0.612878000000002,4
0.6268770000000004,4
0.6410809999999998,4
0.6545750000000012,4
0.668807000000001,7
0.6804500000000004,8
0.6943950000000001,8
0.7083370000000002,10
0.7226029999999994,10
0.7366590000000031,9
0.7502509999999987,8
0.7643169999999984,8
0.778058999999999,5
0.7892569999999992,6
0.8031130000000033,3
0.815097999999999,2
0.8286060000000006,2
0.8423500000000033,2
0.8567159999999987,1
0.8717240000000004,0
0.8853599999999986,-3
0.8969750000000047,-12
0.9100900000000038,10
0.9214990000000043,-5
0.0023959999999974,15
0.013866000000000156,23
0.02596399999999477,25
0.037397999999996046,27
0.04923900000000003,30
0.06105699999999814,31
0.07484199999999674,29
0.08832899999999455,29
0.10171700000000072,27
0.11565799999999626,27
0.12960700000000003,25
0.14371899999999727,24
0.1576740000000001,23
0.17176399999999603,22
0.1859619999999964,19
0.1989279999999951,20
0.21212899999999735,17
0.22522800000000132,16
0.238861,16
0.2517829999999961,15
0.2659659999999988,14
0.2794370000000015,13
0.2934100000000015,11
0.3068489999999997,11
0.3204059999999984,12
0.33337999999999823,12
0.3467729999999989,12
0.36014399999999824,13
0.37359599999999915,11
0.38741100000000017,11
0.4012129999999985,11
0.41466199999999986,10
0.42826900000000023,9
0.44171999999999656,9
0.4556609999999992,10
0.4693550000000002,9
0.48283500000000146,10
0.4975159999999974,9
0.5115209999999948,8
0.5252780000000001,8
0.5391100000000009,8
0.5523370000000014,8
0.5652509999999964,9
0.5786510000000007,7
0.5925639999999959,7
0.6069529999999972,6
0.6211509999999976,6
0.6348869999999991,5
0.6478399999999951,7
0.6608719999999977,6
0.6753209999999967,6
0.6888450000000006,7
0.7026240000000001,6
0.7167689999999993,6
0.730089999999997,5
0.7441729999999964,5
0.7578659999999999,4
0.7709909999999951,3
0.7851999999999961,3
0.7989460000000008,2
0.8125360000000015,2
0.8264360000000011,2
0.8397289999999984,2
0.8537689999999998,1
0.867523999999996,1
0.8814029999999988,1
0.8952770000000001,1
0.9084089999999989,2
0.9221919999999955,2
0.9371049999999954,17
0.9497329999999948,2
0.0023199999999974352,9
0.0144730000000024,10
0.028568999999997402,15
0.04028799999999677,14
0.05396999999999963,15
0.06789500000000004,13
0.0817830000000015,12
0.09565700000000277,10
0.10984299999999791,9
0.12413000000000096,9
0.1373919999999984,8
0.1509190000000018,9
0.16401799999999866,10
0.17787100000000322,10
0.19169399999999825,10
0.20617599999999925,10
0.22009299999999854,8
0.23424699999999632,7
0.2480860000000007,6
0.2612889999999979,6
0.2743460000000013,5
0.2883509999999987,1
0.299430000000001,0
0.3130039999999994,-1
0.3267060000000015,-2
0.33979599999999976,0
0.35297400000000323,0
0.36691199999999924,1
0.37995599999999996,1
0.3933669999999978,1
0.40687899999999644,2
0.42120200000000096,2
0.4353089999999966,1
0.4490559999999988,1
0.4628450000000015,-1
0.4767879999999991,-2
0.49036499999999705,-1
0.503937999999998,0
0.5168630000000007,0
0.5300930000000008,0
0.5442079999999976,0
0.558954,0
0.5727240000000009,1
0.586979999999997,0
0.6003199999999964,1
0.6137579999999971,0
0.6278549999999967,0
0.641652999999998,0
0.6551970000000011,0
0.6687810000000027,1
0.6825070000000011,0
0.6961999999999975,1
0.7107760000000027,1
0.7244699999999966,1
0.7383269999999982,1
0.7524119999999996,1
0.7670159999999981,0
0.7810040000000029,1
0.7950170000000014,1
0.8077809999999985,2
0.8222319999999996,1
0.8359370000000013,2
0.8502239999999972,3
0.863736000000003,4
0.8776319999999984,4
0.8921500000000009,4
0.9066320000000019,4
0.9212810000000005,-1
0.9335319999999996,-7
0.945802999999998,-4
0.001969000000002552,24
0.013998000000000843,27
0.025249999999999773,29
0.03576600000000241,31
0.048192000000000235,29
0.06166799999999739,28
0.07512499999999989,28
0.08908300000000224,25
0.1026990000000012,24
0.11683399999999722,23
0.12981299999999862,23
0.14316900000000032,23
0.15599499999999722,23
0.16909599999999614,23
0.18371199999999988,20
0.19807099999999878,20
0.21248500000000092,20
0.22634200000000249,17
0.24017800000000022,16
0.2546880000000016,15
0.26914399999999716,14
0.2821519999999964,13
0.29545699999999897,12
0.30944399999999916,11
0.3230750000000029,10
0.33627500000000055,10
0.35002000000000066,10
0.36301199999999767,10
0.37707799999999736,9
0.3907469999999975,10
0.40456100000000106,8
0.4187820000000002,7
0.43294300000000163,5
0.44636799999999965,4
0.45964000000000027,3
0.47286100000000175,5
0.48650599999999855,5
0.5008580000000009,8
0.5129790000000014,8
0.5269300000000001,9
0.5408589999999975,10
0.5547029999999964,11
0.5685719999999961,11
0.5837440000000029,11
0.5976720000000029,11
0.6121920000000003,10
0.625709999999998,10
0.6396390000000025,8
0.6538249999999977,7
0.6677650000000028,6
0.6812619999999967,5
0.6950020000000023,4
0.7090710000000016,5
0.722844000000002,5
0.7369079999999997,5
0.7505839999999964,6
0.7645180000000025,6
0.7783209999999983,6
0.7915489999999963,6
0.8054210000000026,5
0.8198859999999968,5
0.8338719999999995,4
0.8478100000000026,5
0.8611750000000029,3
0.8747720000000001,4
0.8890079999999969,3
0.903379000000001,2
0.9181239999999988,4
0.9325949999999992,0
0.0023780000000002133,6
0.013728000000000407,11
0.0264710000000008,10
0.04073700000000002,22
0.05151599999999945,23
0.06572999999999496,24
0.07973299999999739,23
0.0938109999999952,22
0.1075659999999985,22
0.1213069999999945,20
0.13502399999999426,18
0.1482600000000005,17
0.16186499999999882,15
0.17491799999999813,15
0.18836199999999792,15
0.20153999999999428,15
0.21494899999999717,13
0.22943999999999676,13
0.24365399999999937,13
0.2567120000000003,13
0.2700619999999958,14
0.2834319999999977,15
0.29813899999999904,13
0.3119009999999989,13
0.3257429999999957,11
0.3404469999999975,7
0.35206099999999907,6
0.36527799999999644,5
0.377991999999999,4
0.3913179999999983,4
0.4049319999999952,4
0.4186769999999953,4
0.43216599999999517,3
0.4459859999999978,3
0.4603869999999972,3
0.47457800000000105,3
0.48843000000000103,2
0.5019539999999978,2
0.5158679999999976,2
0.5296090000000007,3
0.5429849999999945,3
0.5566609999999983,3
0.5710219999999993,2
0.5852529999999945,1
0.5987869999999944,2
0.6120949999999965,2
0.6256360000000001,2
0.6392229999999941,3
0.653304999999996,4
0.6670169999999942,5
0.6802379999999957,6
0.6946439999999967,6
0.7089779999999948,5
0.7232839999999996,4
0.7370820000000009,2
0.7505579999999981,1
0.7643050000000002,0
0.7775269999999992,0
0.7900419999999997,0
0.8033319999999975,0
0.8162859999999981,1
0.830013000000001,0
0.8436919999999972,-1
0.8577200000000005,0
0.8708069999999992,-1
0.8847099999999983,-1
0.8993849999999952,-4
0.9117479999999958,-2
0.9255189999999942,-3
