0.00229499999999927,-2
0.014772999999999925,-2
0.027584000000000053,-2
0.040794,-2
0.05401799999999923,-2
0.06700399999999984,0
0.08038699999999999,0
0.09394399999999958,-1
0.1072519999999999,0
0.1203240000000001,0
0.1335449999999998,0
0.14686699999999941,0
0.16124899999999975,0
0.175624,0
0.18906499999999937,0
0.20263199999999948,-1
0.21596100000000007,0
0.23002599999999962,0
0.2438419999999999,-1
0.25717199999999973,0
0.27088599999999996,0
0.2841369999999994,1
0.2974539999999992,1
0.3115709999999998,1
0.3255169999999996,3
0.3392439999999999,2
0.35379199999999944,2
0.3673989999999998,1
0.3808579999999999,0
0.39430799999999966,0
0.4072819999999995,0
0.4212910000000001,0
0.4354559999999994,-1
0.4490679999999996,1
0.46308999999999934,-1
0.47665999999999986,0
0.4905739999999996,0
0.5035879999999997,0
0.5172939999999997,-1
0.5307129999999995,1
0.5438789999999996,0
0.5572799999999996,1
0.5711089999999999,1
0.5847509999999998,1
0.5987219999999995,0
0.6117589999999993,0
0.6262819999999998,0
0.640174,0
0.6533319999999998,1
0.667173,2
0.6811189999999998,2
0.6950399999999997,3
0.7089359999999996,3
0.7228719999999997,4
0.736065,5
0.7493239999999997,4
0.7634049999999997,4
0.7772689999999995,2
0.7914139999999996,2
0.804989,2
0.8187749999999996,0
0.8324029999999993,-1
0.8465549999999995,-1
0.859826,0
0.8738149999999996,0
0.8883339999999995,0
0.9017659999999994,0
0.91465,-1
0.9287219999999996,-2
0.9428289999999997,-1
0.9568490000000001,-3
0.002511000000000152,-7
0.014429999999999943,-4
0.02633000000000063,2
0.03881200000000007,-2
0.051115000000000244,-1
0.0647549999999999,0
0.08011999999999997,-1
0.09475999999999996,-1
0.11096700000000048,-3
0.12483600000000017,0
0.13595100000000038,0
0.150957,0
0.16373999999999977,2
0.17789400000000022,3
0.19172900000000048,5
0.20493200000000034,5
0.21887300000000032,5
0.23225600000000046,6
0.24528900000000053,5
0.25890900000000006,5
0.2726160000000002,6
0.2865359999999999,4
0.3001529999999999,4
0.3139479999999999,3
0.3276279999999998,2
0.3420540000000001,1
0.3557940000000004,2
0.36866999999999983,2
0.38152400000000064,2
0.39556400000000025,2
0.40931300000000004,2
0.42308000000000057,3
0.437036,2
0.45116900000000015,3
0.4650350000000003,1
0.47935900000000053,1
0.4932420000000004,4
0.5042990000000005,3
0.5178390000000004,4
0.5319900000000004,5
0.5456780000000006,5
0.5592959999999998,6
0.5737490000000003,6
0.5874969999999999,6
0.6017679999999999,3
0.61362,7
0.6261140000000003,6
0.6401469999999998,6
0.6541240000000004,7
0.6680809999999999,7
0.6818680000000006,6
0.6954799999999999,6
0.7092109999999998,6
0.7233739999999997,6
0.7377199999999995,5
0.7520389999999999,6
0.7668929999999996,6
0.7799370000000003,5
0.793508000000001,5
0.8072320000000008,5
0.8209610000000005,2
0.8321389999999997,0
0.8463340000000006,2
0.8609629999999999,-2
0.8721239999999995,-2
0.0023540000000004113,7
0.014065000000000438,5
0.02754000000000012,-1
0.03993299999999955,-1
0.0525159999999989,-2
0.06634000000000029,-2
0.0803609999999999,-3
0.09333299999999944,-2
0.10680400000000034,-3
0.11997700000000044,-3
0.13373799999999925,-3
0.14799000000000007,-2
0.161524,-2
0.17500499999999874,-2
0.18862799999999957,-2
0.20176599999999922,-3
0.21545399999999937,-2
0.22889099999999907,-2
0.24190699999999943,-2
0.25554400000000044,-2
0.2692519999999998,-3
0.28306699999999907,-3
0.2962579999999999,-3
0.30952999999999875,-2
0.32338799999999956,-2
0.3367709999999988,-1
0.3504620000000003,-2
0.36421299999999945,-2
0.37809700000000035,-2
0.39186600000000027,-1
0.40621299999999927,-1
0.41981299999999955,0
0.43389099999999914,1
0.4474239999999998,2
0.46115399999999873,2
0.47492100000000015,3
0.4883639999999989,2
0.5023350000000004,2
0.5163809999999991,0
0.5301289999999987,-1
0.5440149999999999,-2
0.5576689999999989,-2
0.5714539999999992,-1
0.5851659999999992,0
0.5995460000000001,1
0.6133019999999991,1
0.6272149999999996,0
0.6411499999999997,0
0.6546219999999998,0
0.6688219999999987,1
0.6827319999999997,1
0.6965070000000004,1
0.7110749999999992,2
0.7253109999999996,2
0.7394970000000001,2
0.7531929999999996,1
0.7670839999999988,1
0.7802559999999996,1
0.7940620000000003,1
0.8076259999999991,1
0.8218610000000002,0
0.8353459999999995,1
0.8494130000000002,2
0.8630929999999992,2
0.8768879999999992,1
0.8917619999999999,0
0.9058440000000001,-3
0.002330999999999861,-2
0.016784000000001242,2
0.02800900000000084,2
0.04145500000000091,2
0.05527100000000118,4
0.06877700000000075,5
0.08283300000000082,5
0.09643400000000035,6
0.11062100000000008,6
0.12439600000000084,7
0.13776900000000047,7
0.15213800000000077,7
0.16525000000000034,8
0.1786279999999998,7
0.19226800000000033,8
0.2057859999999998,9
0.2196049999999996,8
0.2333949999999998,7
0.24764099999999978,7
0.2616050000000012,7
0.2749790000000001,7
0.2881710000000002,7
0.3026239999999998,6
0.3164100000000012,5
0.33048500000000125,4
0.3438540000000003,4
0.35781300000000016,4
0.3713720000000009,4
0.3846260000000008,4
0.3984590000000008,2
0.4125639999999997,2
0.42688400000000115,1
0.44091900000000095,1
0.4543619999999997,2
0.46756000000000064,2
0.48092300000000066,2
0.49454000000000065,3
0.5082120000000003,3
0.5220210000000005,3
0.5360940000000003,2
0.5494579999999996,2
0.5627620000000011,2
0.5764750000000003,2
0.5902740000000009,3
0.604432000000001,2
0.618113000000001,0
0.6316559999999996,0
0.6455289999999998,1
0.6584219999999998,1
0.6720660000000009,1
0.6855760000000011,3
0.6996280000000006,3
0.7136960000000006,3
0.7279530000000012,2
0.7421170000000004,1
0.7561280000000004,2
0.7692980000000009,1
0.782820000000001,1
0.7961749999999999,0
0.8095250000000007,0
0.822794,0
0.8357960000000002,0
0.8494200000000003,0
0.8621169999999996,1
0.8765990000000006,0
0.8909099999999999,2
0.9046579999999995,2
0.9186040000000002,-4
0.002621999999998792,1
0.01652499999999968,1
0.030559999999999476,0
0.04486599999999896,-1
0.058101999999999876,-1
0.07262599999999964,-1
0.08625799999999906,1
0.10029699999999941,1
0.11414899999999939,-1
0.1278939999999995,-1
0.14212999999999987,-1
0.15577799999999975,-2
0.16988999999999876,-1
0.18314499999999967,0
0.19642400000000038,-1
0.21024499999999868,-1
0.22359499999999954,-1
0.23727399999999932,-1
0.2507539999999988,-2
0.2638999999999996,-1
0.2774909999999995,-2
0.29115,-1
0.30423500000000026,-1
0.31842599999999877,-1
0.33128199999999985,-2
0.3449650000000002,-2
0.358587,-1
0.3715229999999998,-2
0.38542400000000043,-1
0.3984310000000004,-1
0.4110250000000004,0
0.4245819999999991,0
0.4386390000000002,0
0.4538630000000001,1
0.46718499999999885,0
0.48083399999999976,1
0.49502199999999874,1
0.5092079999999992,0
0.5226089999999992,1
0.5368139999999997,1
0.5501159999999992,1
0.5635440000000003,0
0.5773489999999999,1
0.5907249999999991,0
0.6045590000000001,1
0.6183999999999994,1
0.6320709999999998,2
0.6461499999999987,1
0.6603529999999989,2
0.6740440000000003,1
0.6874310000000001,1
0.7007709999999996,1
0.7154799999999994,1
0.7291849999999993,2
0.7427189999999992,1
0.7563389999999988,2
0.7703319999999998,2
0.784186,2
0.7982309999999995,2
0.8116120000000002,2
0.8255590000000002,1
0.8390310000000003,1
0.8522949999999998,0
0.8659739999999996,1
0.8802459999999996,0
0.8945119999999989,1
0.00218300000000049,28
0.013025999999999982,26
0.02617000000000047,24
0.03913999999999973,21
0.05145499999999892,18
0.06409399999999899,18
0.07720999999999911,14
0.08844399999999908,14
0.10164999999999935,14
0.11527199999999915,16
0.12830999999999904,17
0.14240900000000067,17
0.15593099999999893,18
0.16889100000000035,18
0.1830929999999995,18
0.19669500000000006,15
0.20999100000000048,15
0.2236829999999994,15
0.2370429999999999,16
0.25060599999999944,16
0.2650249999999996,14
0.27802299999999924,13
0.29227399999999903,12
0.3065490000000004,13
0.31972299999999976,12
0.3330199999999994,11
0.34657299999999935,11
0.3600709999999996,9
0.37341099999999905,7
0.38660999999999923,7
0.4004999999999992,7
0.4134639999999994,6
0.42725599999999986,5
0.44078200000000045,6
0.4541240000000002,5
0.46816300000000055,5
0.48117899999999914,6
0.4946970000000004,6
0.5084140000000001,6
0.5219740000000002,6
0.5354489999999998,5
0.5500659999999993,5
0.5644109999999998,6
0.578023,4
0.5911340000000003,4
0.6051099999999998,5
0.6182649999999992,5
0.631589,4
0.6453790000000001,5
0.6589449999999992,5
0.6727620000000005,4
0.6868859999999994,5
0.7003719999999998,4
0.7140450000000005,4
0.7277830000000005,3
0.7409739999999996,3
0.7541229999999999,3
0.7670589999999997,3
0.779947,3
0.7934909999999995,3
0.8068930000000005,4
0.8210040000000003,3
0.8350469999999994,3
0.8486820000000002,3
0.8620819999999991,3
0.875083,3
0.888240999999999,3
0.9015609999999992,3
0.9152070000000005,3
0.9287689999999991,1
0.9423080000000006,2
0.9560940000000002,1
0.9697870000000002,3
0.9828379999999992,3
0.9971560000000004,2
1.0109460000000006,1
1.0256109999999996,2
1.0397020000000001,-4
1.0510129999999993,-2
0.002542999999999296,3
0.013823999999999614,4
0.027604999999999436,0
0.03894500000000001,0
0.05234100000000019,0
0.06621099999999913,0
0.07976500000000009,0
0.09379500000000007,-1
0.10738999999999876,-1
0.12033299999999869,-1
0.13357300000000016,-2
0.14761700000000033,-1
0.1612530000000003,-1
0.1745289999999997,-1
0.18737299999999912,-1
0.20139900000000033,-2
0.2141959999999994,-2
0.2275349999999996,-2
0.24069800000000008,-2
0.2540639999999996,-2
0.2671349999999997,-2
0.28067699999999896,-2
0.2943839999999991,-1
0.30871899999999997,-1
0.32165099999999924,-1
0.3351849999999992,-1
0.348573,0
0.3621540000000003,0
0.37570000000000014,-1
0.3897069999999996,0
0.40331899999999976,-1
0.41673099999999863,-1
0.4301820000000003,0
0.4437230000000003,0
0.45658899999999925,0
0.4697699999999987,1
0.4837030000000002,0
0.49660699999999913,0
0.5099529999999994,0
0.5236129999999992,-1
0.5367639999999998,-1
0.5500129999999999,0
0.5638519999999989,-1
0.5770649999999993,-1
0.5909279999999999,-1
0.6043760000000002,0
0.6173459999999995,0
0.6312540000000002,1
0.644755,1
0.6585459999999994,2
0.6720269999999999,2
0.6858539999999991,2
0.6999809999999993,1
0.7135540000000002,2
0.7274419999999999,2
0.7410569999999996,2
0.7537880000000001,2
0.766945999999999,2
0.779990999999999,2
0.7938720000000004,1
0.8071549999999998,2
0.8208099999999998,3
0.8347479999999994,2
0.8482269999999996,1
0.8620359999999998,2
0.8766970000000001,2
0.8901399999999988,2
0.9036489999999997,2
0.9181270000000001,-1
0.9297079999999998,2
0.9416189999999993,0
0.0027609999999995694,5
0.014476999999999407,4
0.028548999999999936,2
0.04343699999999906,0
0.0567789999999988,2
0.06993699999999947,2
0.0830769999999994,2
0.09590700000000041,4
0.10886200000000024,3
0.12242700000000006,3
0.13640700000000017,4
0.1503129999999988,4
0.16375599999999935,5
0.1781189999999988,6
0.19200599999999923,6
0.2055410000000002,5
0.22060299999999877,5
0.23363599999999884,4
0.24720600000000026,5
0.26061099999999904,5
0.27519899999999886,5
0.2890219999999992,5
0.30295300000000047,6
0.3173010000000005,6
0.3308869999999988,5
0.34482500000000016,4
0.35840299999999914,4
0.3715119999999992,5
0.38525299999999874,4
0.39845099999999967,5
0.41198900000000016,3
0.4267099999999999,3
0.4405929999999998,3
0.45408399999999993,3
0.46703199999999967,4
0.480912,4
0.494038999999999,4
0.5076260000000001,4
0.5209499999999991,4
0.534732,4
0.5485419999999994,3
0.5629189999999991,3
0.5769020000000005,4
0.591308999999999,3
0.6053249999999988,5
0.6182870000000005,4
0.631653,4
0.6453699999999998,4
0.6592179999999992,3
0.6727849999999993,3
0.6856340000000003,3
0.6983949999999997,3
0.7124629999999996,3
0.7256839999999993,4
0.7392810000000001,4
0.7522349999999989,4
0.7660409999999995,5
0.7789369999999991,4
0.7927699999999991,4
0.8063590000000005,4
0.8200179999999992,3
0.8340289999999992,3
0.8479639999999993,3
0.8616109999999999,3
0.8757470000000005,1
0.8897499999999994,1
0.9038950000000003,0
0.0024810000000012877,-1
0.015851000000001392,-1
0.02938699999999983,4
0.040933000000000774,5
0.05442200000000064,5
0.06761600000000101,7
0.08142700000000147,7
0.09493200000000002,8
0.10823400000000127,7
0.12229400000000012,8
0.13584499999999977,8
0.14960800000000063,8
0.16337900000000083,7
0.1765850000000011,8
0.19080700000000128,8
0.20539600000000036,6
0.21932300000000104,6
0.2328070000000011,5
0.24550800000000095,5
0.2593420000000002,6
0.2725249999999999,6
0.286683,5
0.30071400000000104,6
0.31402200000000136,5
0.328418000000001,5
0.34219299999999997,4
0.3565540000000009,3
0.37016900000000064,4
0.3834610000000005,3
0.3973240000000011,4
0.410756000000001,3
0.4248919999999998,2
0.4386310000000009,1
0.4515520000000013,4
0.46272300000000044,4
0.47627300000000083,8
0.4875430000000005,8
0.5005360000000003,9
0.513929000000001,9
0.5272100000000002,10
0.5413420000000002,12
0.554685000000001,13
0.5678980000000013,13
0.5818860000000008,13
0.595206000000001,13
0.6093299999999999,13
0.6222600000000007,12
0.635784000000001,12
0.6504390000000004,10
0.6638809999999999,8
0.6787749999999999,6
0.6924460000000003,7
0.7059550000000012,8
0.7195840000000011,7
0.7329240000000006,7
0.7465450000000011,7
0.7600259999999999,7
0.7733480000000004,7
0.7872669999999999,7
0.8010800000000007,8
0.8150240000000011,5
0.8270990000000005,6
0.8406669999999998,4
0.8541410000000003,3
0.8679760000000005,1
0.8814240000000009,1
0.8948150000000012,-2
0.9060500000000005,-5
0.9176530000000014,-2
0.9296220000000002,-1
0.0023839999999992756,3
0.013231999999998578,5
0.027434999999998766,4
0.041342999999999464,2
0.054988999999999066,2
0.06814999999999927,2
0.08087199999999939,4
0.09381499999999932,4
0.10656599999999905,4
0.12034499999999859,4
0.13444099999999892,3
0.14838999999999913,3
0.162075999999999,3
0.17580599999999968,4
0.18853599999999915,3
0.2027979999999996,1
0.2162109999999995,0
0.2304169999999992,0
0.24368299999999898,1
0.2567050000000002,1
0.2700239999999994,2
0.28364699999999843,3
0.2971830000000004,3
0.3110520000000001,4
0.3251889999999982,4
0.33892900000000026,5
0.35242299999999815,4
0.3663190000000007,4
0.3799430000000008,2
0.39338300000000004,2
0.4067079999999983,1
0.4202469999999998,1
0.4335029999999982,2
0.4465369999999993,2
0.45996900000000096,1
0.4741490000000006,1
0.48751299999999986,0
0.500391999999998,0
0.5133159999999997,1
0.5270219999999988,1
0.539829000000001,2
0.5529919999999997,1
0.5666200000000003,2
0.5808509999999991,1
0.5956690000000009,1
0.6095480000000002,1
0.6228519999999982,0
0.6361460000000001,0
0.6500649999999979,0
0.6635109999999997,-1
0.676831,-1
0.690058999999998,0
0.703161999999999,0
0.7160510000000002,1
0.7293850000000006,1
0.7435979999999986,3
0.7584569999999999,2
0.7719419999999992,2
0.7850269999999995,2
0.7992199999999983,2
0.8125619999999998,1
0.8259079999999983,1
0.8391090000000005,0
0.852962999999999,1
0.8661129999999986,1
0.8795649999999995,1
0.8933599999999977,0
0.9083749999999995,-4
0.9202680000000001,1
0.9320869999999992,2
0.0020719999999982974,29
0.013044999999998197,29
0.026520999999998907,28
0.039991000000000554,19
0.051071999999997786,14
0.06171099999999896,14
0.07447999999999766,10
0.08592900000000014,7
0.10022799999999776,6
0.11303599999999747,6
0.12743899999999897,6
0.14054399999999845,5
0.15371000000000024,6
0.16710600000000042,6
0.18019299999999916,6
0.19328499999999948,6
0.2068960000000004,6
0.2204820000000005,6
0.23455399999999926,5
0.2480489999999982,5
0.26174699999999973,5
0.27567900000000023,4
0.28868399999999994,5
0.30235199999999907,6
0.3154749999999993,6
0.3296129999999984,6
0.3435619999999986,5
0.35744299999999996,6
0.3713559999999987,5
0.3845819999999982,5
0.39832999999999785,5
0.4126359999999991,2
0.424474,2
0.43858900000000034,1
0.45214400000000055,1
0.46557599999999866,0
0.478514999999998,0
0.49137099999999734,0
0.504605999999999,0
0.5174969999999988,0
0.5311179999999993,0
0.5460239999999992,-1
0.5596139999999998,-1
0.5725969999999982,-1
0.5860079999999996,-1
0.5988539999999993,-1
0.6118570000000005,-2
0.6255279999999992,-3
0.6384059999999998,-3
0.6511439999999986,-2
0.6645699999999977,-2
0.6778839999999988,-3
0.6911379999999987,-3
0.7048279999999991,-1
0.718318,0
0.7329270000000001,1
0.7456309999999995,2
0.75929,2
0.7727499999999985,2
0.7868219999999972,3
0.8003929999999997,3
0.8136149999999986,2
0.8283740000000002,2
0.8420309999999986,0
0.855364999999999,-1
0.8691899999999997,-1
0.882044999999998,-1
0.8952360000000006,0
0.9088579999999986,0
0.9222409999999996,2
0.9359269999999995,2
0.9500489999999999,1
0.9639059999999979,1
0.9777629999999995,0
0.9920170000000006,0
1.006332999999998,1
1.0202010000000001,0
0.0021780000000006794,-4
0.014489000000001084,-2
0.027601000000000653,0
0.042020000000000834,-1
0.05510200000000154,-1
0.0689220000000006,-1
0.08299500000000037,-2
0.09642700000000204,-2
0.11010300000000228,-3
0.12402900000000017,-3
0.13769200000000126,-4
0.15118700000000018,-3
0.16473799999999983,-5
0.17844000000000193,-3
0.19207000000000107,-3
0.2056570000000022,-3
0.2187240000000017,-3
0.2316160000000025,-2
0.2452430000000021,-2
0.2591850000000022,-2
0.27329300000000245,-2
0.2860580000000006,-2
0.3002090000000024,-2
0.31407000000000096,-2
0.32677200000000184,-2
0.34027900000000244,-1
0.35351400000000055,-2
0.3666690000000017,-2
0.37994400000000184,-2
0.3933630000000008,-2
0.4073990000000016,-2
0.4204810000000023,-1
0.43366100000000074,-2
0.4468209999999999,-2
0.461272000000001,-1
0.4741300000000024,-1
0.48706299999999914,-1
0.5002770000000005,-1
0.5140419999999999,-2
0.5273059999999994,-1
0.5410420000000009,0
0.5542300000000004,1
0.5689750000000018,1
0.5827060000000017,0
0.5973810000000022,0
0.6113,0
0.624169000000002,2
0.637791,1
0.654479000000002,0
0.6687910000000024,1
0.6834550000000021,1
0.6970100000000023,0
0.7099770000000021,0
0.7232050000000001,0
0.7363870000000006,-1
0.7493219999999994,0
0.7627610000000011,0
0.7765079999999998,-1
0.7899300000000018,-1
0.8037419999999997,-1
0.8162590000000023,-1
0.8306220000000017,-2
0.8451120000000003,5
0.857013000000002,5
0.8703509999999994,-3
0.0024160000000001958,-2
0.016210000000000946,-1
0.029591000000003476,1
0.04303200000000018,2
0.056217000000000183,4
0.07012000000000285,4
0.08322700000000083,4
0.09625900000000343,4
0.11001200000000111,4
0.12315200000000104,3
0.1366630000000022,3
0.1496440000000021,4
0.16372800000000254,4
0.17765500000000145,4
0.1912540000000007,4
0.20513700000000057,2
0.21905700000000294,1
0.23217900000000213,1
0.2450650000000003,1
0.257710000000003,1
0.2703550000000021,2
0.28339900000000284,2
0.2968200000000003,1
0.31044600000000244,1
0.3235260000000011,1
0.33720200000000133,1
0.3510520000000028,1
0.3641450000000006,1
0.3768310000000028,0
0.3905210000000032,0
0.4035200000000003,1
0.41640100000000047,1
0.429509000000003,1
0.44262000000000157,2
0.45566100000000276,3
0.4698660000000032,4
0.4836020000000012,4
0.49719400000000036,4
0.510625000000001,2
0.5242640000000023,2
0.5384690000000028,0
0.551280000000002,0
0.5638480000000001,1
0.576824000000002,0
0.5902330000000013,1
0.6031910000000025,0
0.6173120000000019,1
0.630314000000002,1
0.643849000000003,1
0.6571670000000012,0
0.6707600000000014,1
0.685220000000001,1
0.6976580000000006,1
0.7108550000000022,1
0.725119000000003,0
0.7384450000000022,1
0.7519570000000009,1
0.7657310000000024,1
0.7796710000000004,0
0.7933580000000013,0
0.8071220000000032,0
0.8210600000000028,1
0.8341030000000025,-1
0.8470280000000017,0
0.8606960000000008,0
0.8741000000000021,0
0.8879420000000025,1
0.902116000000003,0
0.9163680000000021,-1
0.931788000000001,1
0.9447050000000026,1
0.002495999999997167,-2
0.01650799999999819,2
0.02781699999999887,1
0.04105699999999857,0
0.05436199999999758,1
0.06747099999999762,1
0.08072400000000002,1
0.09369999999999834,2
0.1067949999999982,2
0.12013400000000019,3
0.13320099999999968,3
0.14657499999999857,3
0.16024999999999778,3
0.17343899999999834,3
0.18703899999999862,3
0.20126499999999936,7
0.21255999999999986,6
0.22695500000000024,7
0.24038499999999985,7
0.253822999999997,7
0.2676639999999999,8
0.2806679999999986,10
0.2940100000000001,11
0.3084309999999988,10
0.32266199999999756,9
0.3369889999999991,9
0.3503569999999989,8
0.3641869999999976,8
0.3778989999999993,8
0.39084399999999775,7
0.4054009999999977,6
0.41906999999999783,5
0.4325340000000004,5
0.4458260000000003,4
0.45822199999999924,4
0.472766,4
0.485242999999997,4
0.4983229999999992,4
0.5115949999999998,4
0.525461,5
0.540498999999997,6
0.553958999999999,6
0.5675179999999997,5
0.5807439999999993,5
0.5951379999999986,4
0.6093229999999998,3
0.6219559999999973,3
0.6349509999999974,3
0.6474709999999995,3
0.6608299999999971,3
0.6730409999999978,4
0.6868209999999983,4
0.7004599999999996,4
0.7147669999999984,4
0.7286949999999983,4
0.7429109999999994,3
0.7561469999999986,3
0.769444,3
0.7829899999999981,3
0.7957059999999991,3
0.8089799999999983,2
0.8230399999999989,1
0.8362129999999972,2
0.8497689999999984,1
0.8635570000000001,1
0.8771859999999982,2
0.8907199999999982,1
0.904837999999998,3
0.9192349999999969,-1
0.9308349999999983,-1
0.002464999999997275,0
0.0160279999999986,2
0.029674999999997453,1
0.043524999999998926,0
0.05702699999999794,-1
0.06980099999999823,-1
0.08255399999999824,-1
0.0954909999999991,0
0.10809599999999975,0
0.12067300000000003,-1
0.13433999999999813,-2
0.1484129999999979,-2
0.1616099999999996,-2
0.1744989999999973,-3
0.1886999999999972,-2
0.20162999999999798,-2
0.21491299999999924,-1
0.22766299999999973,-2
0.24071400000000054,-2
0.25444599999999795,-2
0.2673819999999978,-2
0.2803249999999977,-1
0.2934190000000001,-1
0.30671199999999743,-1
0.3201609999999988,-1
0.33351499999999845,-2
0.34734499999999713,-2
0.3601339999999986,-2
0.3727799999999988,-2
0.38637299999999897,-1
0.39961100000000016,-2
0.41271799999999814,-2
0.42661199999999866,-1
0.4398789999999977,-1
0.4529299999999985,0
0.4658479999999976,0
0.47967599999999777,0
0.493309,0
0.5067529999999998,0
0.5202069999999992,0
0.5343319999999991,0
0.5477500000000006,0
0.5610009999999974,0
0.5739529999999995,0
0.5871010000000005,1
0.6001069999999977,1
0.6135020000000004,1
0.6279959999999996,1
0.6416989999999991,0
0.6547269999999976,1
0.6673989999999996,1
0.6807559999999988,1
0.6949139999999971,2
0.7081349999999986,2
0.7221699999999984,2
0.7358309999999975,2
0.7495259999999995,2
0.7636709999999987,3
0.777633999999999,3
0.7913839999999972,3
0.8049979999999977,3
0.8181379999999976,3
0.8317639999999997,3
0.8451570000000004,3
0.8590029999999977,3
0.872719,1
0.8859439999999985,2
0.8998329999999974,0
0.9147110000000005,0
0.9290199999999977,-2
0.9431130000000003,-2
0.0025349999999981776,30
0.013161999999997676,22
0.02355399999999719,22
0.036358999999997366,17
0.04695699999999903,16
0.05973499999999987,16
0.07318199999999919,12
0.08455299999999966,13
0.09739799999999832,10
0.11019100000000037,10
0.1229169999999975,10
0.13596899999999934,9
0.14916999999999803,11
0.162392999999998,12
0.17622799999999827,12
0.18966700000000003,12
0.20274500000000018,11
0.21651499999999757,11
0.22992999999999952,11
0.2433569999999996,12
0.2573129999999999,12
0.27099799999999874,12
0.28509599999999935,12
0.2986140000000006,12
0.3125639999999983,10
0.32634599999999736,10
0.33997799999999856,10
0.3532289999999989,10
0.3663969999999992,8
0.37994099999999875,8
0.3940979999999996,7
0.4072919999999982,6
0.4213419999999992,6
0.4344399999999986,6
0.4473850000000006,5
0.46085899999999924,5
0.47402800000000056,6
0.48744499999999746,5
0.5004349999999995,5
0.5132599999999989,5
0.5263089999999977,5
0.539631,4
0.5535859999999992,4
0.5661989999999975,4
0.5791669999999982,5
0.5922659999999986,6
0.6052739999999979,4
0.6193840000000002,5
0.6324289999999984,5
0.6460069999999973,4
0.6594879999999996,5
0.6725560000000002,5
0.6863579999999985,4
0.700213999999999,5
0.7143529999999991,4
0.7278169999999982,4
0.7407579999999996,3
0.7541119999999992,3
0.7677339999999973,1
0.781210999999999,2
0.7947699999999998,2
0.8076659999999976,2
0.8206999999999987,1
0.8341159999999981,2
0.8484799999999986,1
0.8624549999999971,2
0.8760719999999971,2
0.8894950000000001,3
0.9035829999999976,3
0.9173689999999972,3
0.9308199999999971,2
0.9441069999999989,1
0.9576329999999977,2
0.971273,1
0.9844439999999999,3
0.9976539999999972,3
1.0113929999999982,2
1.025511999999999,2
1.0390890000000006,0
1.0533929999999998,-3
1.0650929999999974,0
0.0020080000000000098,0
0.015416000000001873,3
0.026664000000000243,5
0.04077000000000197,7
0.05372500000000002,8
0.06765900000000258,10
0.08144300000000015,11
0.0949920000000013,11
0.10838800000000148,11
0.12124299999999977,10
0.13500200000000007,10
0.14845100000000144,10
0.162192000000001,9
0.17632200000000253,7
0.19065700000000163,7
0.20419800000000166,5
0.2167860000000026,5
0.23028000000000048,4
0.24334900000000204,4
0.2570910000000026,3
0.2702390000000001,4
0.2828330000000001,4
0.2965820000000008,4
0.31006400000000056,4
0.32366200000000234,4
0.3370090000000019,3
0.3505430000000018,3
0.36377099999999984,3
0.3765800000000006,3
0.39015099999999947,3
0.40548000000000073,3
0.41903800000000047,3
0.432697000000001,3
0.44567400000000035,3
0.4585650000000001,3
0.47183300000000017,3
0.48485000000000156,3
0.4981650000000002,2
0.5113730000000025,2
0.5247729999999997,2
0.5379690000000004,2
0.550925000000003,3
0.5648300000000006,2
0.5781990000000015,2
0.5914960000000029,2
0.6053730000000002,2
0.618743000000002,3
0.6321650000000005,2
0.6458919999999999,2
0.6595580000000005,2
0.6727130000000017,2
0.6862550000000027,2
0.6990630000000024,1
0.7125970000000024,1
0.7253540000000029,2
0.7388639999999995,2
0.7517370000000021,1
0.7649880000000024,1
0.7792860000000026,1
0.7925950000000022,2
0.8064460000000011,1
0.8202440000000024,1
0.8346660000000021,0
0.8484800000000021,1
0.8610930000000003,0
0.8742480000000015,-1
0.887990000000002,2
0.9001289999999997,2
0.9140290000000029,0
0.002340999999997706,0
0.015589999999999549,3
0.02808599999999828,5
0.04175899999999899,8
0.05326599999999715,8
0.06706799999999902,10
0.08040499999999895,10
0.09493099999999899,9
0.10857599999999934,9
0.1223959999999984,8
0.13526899999999742,9
0.149284999999999,8
0.16347899999999882,8
0.17746499999999799,8
0.19106399999999724,7
0.2049299999999974,7
0.2186249999999994,7
0.23298299999999728,6
0.2461999999999982,6
0.2601479999999974,5
0.27405100000000004,4
0.28684599999999705,5
0.3002309999999966,5
0.31345199999999807,5
0.32703699999999714,5
0.34040099999999995,4
0.3538909999999973,4
0.36681899999999956,4
0.38050299999999737,3
0.3946109999999976,3
0.4079229999999967,3
0.42132799999999904,2
0.4341739999999987,2
0.44746499999999756,2
0.46080399999999955,2
0.47351799999999855,2
0.4866029999999988,2
0.4997359999999986,3
0.5137329999999984,3
0.5269089999999998,4
0.5404149999999994,3
0.5539239999999985,3
0.5675929999999987,3
0.5812079999999966,3
0.5948019999999978,4
0.6080309999999969,3
0.6212139999999984,4
0.634922999999997,3
0.6478769999999976,3
0.6619689999999991,2
0.6758169999999986,2
0.6896049999999967,2
0.7027969999999968,2
0.7163669999999982,3
0.7312009999999987,3
0.7450249999999983,2
0.7583319999999993,3
0.772784999999999,3
0.7862969999999976,2
0.79983,3
0.8139389999999977,2
0.8277709999999985,2
0.8413739999999983,0
0.8546629999999986,0
0.8689179999999972,0
0.8821349999999981,0
0.8963899999999967,-2
0.9104649999999985,1
0.9209359999999975,-1
0.0024109999999986087,-4
0.014579999999998705,-1
0.025648999999997812,2
0.037183999999999884,2
0.050153999999999144,3
0.0638949999999987,6
0.07490299999999905,6
0.08872399999999914,8
0.10262599999999722,11
0.11443099999999973,10
0.12809799999999782,11
0.14226000000000028,11
0.15518699999999797,12
0.1688919999999996,12
0.18240499999999926,11
0.19692999999999827,12
0.21098899999999787,11
0.22476299999999938,10
0.2391799999999975,11
0.25271399999999744,10
0.2653579999999991,9
0.2796430000000001,9
0.29290599999999856,9
0.30667199999999895,8
0.32066700000000026,9
0.3343679999999978,6
0.3454580000000007,6
0.35853799999999936,5
0.37243299999999735,4
0.3859219999999972,3
0.39945399999999864,1
0.4120519999999992,1
0.42508399999999824,0
0.4381959999999978,-1
0.4509779999999992,0
0.4637999999999991,0
0.4768889999999999,0
0.4901839999999993,1
0.5032739999999976,3
0.516959,2
0.5307040000000001,2
0.5444129999999987,2
0.5585719999999981,1
0.5722449999999988,1
0.5858799999999995,0
0.5994969999999995,1
0.6128259999999983,1
0.625712,0
0.6390419999999999,0
0.6532969999999985,-1
0.6668519999999987,-1
0.6805640000000004,-1
0.6934779999999989,0
0.706548999999999,0
0.7192019999999992,1
0.7325219999999995,1
0.7467410000000001,1
0.7605349999999973,1
0.7741809999999987,2
0.7875569999999996,1
0.8007709999999975,1
0.8144019999999976,0
0.8282259999999972,0
0.8422090000000004,-1
0.8556880000000007,0
0.8689949999999982,1
0.8820729999999983,1
0.8956719999999976,1
0.9101909999999975,4
0.9216929999999977,6
0.935886,3
0.0021959999999978663,1
0.01546199999999942,5
0.027265999999997348,1
0.03843599999999725,1
0.0532989999999991,1
0.06647800000000004,0
0.08031799999999834,0
0.09356000000000009,0
0.10754700000000028,-1
0.12115099999999757,-1
0.1343079999999972,0
0.14760699999999716,-2
0.1611060000000002,-1
0.1749459999999985,-2
0.18874699999999933,-2
0.20223000000000013,-2
0.21541799999999967,-4
0.2289209999999997,-5
0.24203699999999984,-4
0.2549679999999981,-5
0.2681509999999996,-3
0.2815839999999987,-3
0.2945959999999985,-2
0.30772899999999836,-1
0.3217809999999979,-2
0.33524699999999896,0
0.34891700000000014,1
0.36276699999999806,1
0.3761909999999986,0
0.38931699999999836,0
0.4033680000000004,0
0.417033,0
0.4302539999999979,0
0.4429959999999973,2
0.4562819999999981,2
0.4695539999999987,1
0.483628999999997,0
0.4969450000000002,1
0.5103069999999974,1
0.5238239999999976,2
0.5381439999999991,3
0.5515119999999989,3
0.5649090000000001,3
0.5783139999999989,2
0.5921479999999981,0
0.6059409999999978,1
0.6193549999999988,-1
0.6322929999999971,0
0.6451689999999992,-1
0.6585000000000001,0
0.6713459999999998,0
0.6844199999999994,0
0.6975209999999983,1
0.7105709999999981,1
0.7247899999999987,1
0.7392799999999973,3
0.7531239999999997,3
0.7667900000000003,4
0.7803269999999998,3
0.7957179999999973,3
0.810687999999999,3
0.8241249999999987,3
0.83737,2
0.8959619999999973,1
0.9094990000000003,4
0.9205879999999986,-2
0.0024589999999982126,28
0.013407000000000835,26
0.025883000000000322,20
0.036790999999997354,16
0.04763900000000021,15
0.06013799999999847,10
0.07151799999999753,11
0.08471699999999771,7
0.09581700000000026,7
0.1087549999999986,8
0.1216380000000008,10
0.1352720000000005,11
0.1487569999999998,11
0.16380699999999848,12
0.17744499999999874,11
0.19102200000000025,11
0.20461999999999847,11
0.21769300000000058,11
0.23157600000000045,9
0.24527900000000002,8
0.25855800000000073,7
0.27221899999999977,7
0.28670499999999777,8
0.29979399999999856,6
0.3132009999999994,6
0.3270269999999975,7
0.3406020000000005,7
0.35427199999999814,8
0.3681260000000002,10
0.3822519999999976,8
0.3951740000000008,9
0.4093979999999995,7
0.4234989999999996,5
0.4369949999999996,5
0.45104599999999806,4
0.4642090000000003,3
0.476976999999998,3
0.4908619999999999,3
0.5042439999999999,4
0.5175589999999985,3
0.5307879999999976,2
0.5437939999999983,2
0.5574459999999988,2
0.5714499999999987,3
0.5851189999999988,1
0.5991889999999991,2
0.6125669999999985,2
0.6262399999999992,3
0.6393969999999989,3
0.6532710000000002,4
0.6666489999999996,4
0.6796450000000007,1
0.6917749999999998,1
0.7052929999999975,0
0.718634999999999,0
0.7320250000000001,0
0.7450939999999981,0
0.759091999999999,1
0.7729429999999979,2
0.7866009999999974,2
0.8013289999999991,4
0.8145759999999989,3
0.8292169999999999,2
0.8437400000000004,1
0.8574339999999978,1
0.8707469999999979,0
0.8834540000000004,0
0.8962070000000004,-1
0.909558999999998,-2
0.9226119999999973,-1
0.9354869999999984,-1
0.9485439999999983,0
0.9615819999999999,0
0.9757509999999989,1
0.9893140000000002,0
1.0031800000000004,1
1.0175359999999998,0
1.0322859999999991,-4
1.0442339999999994,1
1.0560599999999987,-2
0.002549999999999386,-1
0.016783000000000214,-1
0.02971199999999996,-2
0.04301500000000047,-1
0.05596500000000049,1
0.06925200000000231,1
0.08224000000000231,3
0.09651700000000218,3
0.10941400000000101,3
0.12372399999999928,3
0.13766999999999996,3
0.1516459999999995,2
0.1659240000000004,2
0.17898600000000187,4
0.19262000000000157,4
0.2060430000000011,6
0.21933200000000141,6
0.23389200000000088,6
0.24708400000000097,6
0.2612179999999995,5
0.27508100000000013,6
0.2884530000000005,6
0.30284200000000183,4
0.3166140000000013,4
0.33041000000000054,2
0.3436330000000005,1
0.3568490000000004,1
0.37091600000000113,1
0.383815000000002,0
0.39715400000000045,2
0.4106790000000018,1
0.4235190000000024,1
0.437932,1
0.45155100000000203,1
0.46491200000000177,1
0.47827000000000197,3
0.49122400000000255,2
0.5040849999999999,3
0.5177240000000012,1
0.5310220000000001,1
0.5446430000000007,3
0.5587890000000009,2
0.571745,1
0.5859360000000002,2
0.5995920000000012,1
0.6131430000000009,1
0.6267570000000013,2
0.6393699999999995,1
0.6528360000000006,2
0.6661619999999999,1
0.6797920000000026,3
0.6934500000000021,3
0.7067010000000025,4
0.7202560000000027,4
0.7342200000000005,4
0.7474290000000003,3
0.7611230000000013,3
0.7747030000000024,2
0.7882789999999993,2
0.8012130000000006,1
0.8139350000000007,1
0.8269570000000002,2
0.8410010000000021,2
0.8540519999999994,2
0.867794,2
0.8813929999999992,1
0.8951440000000019,-1
0.909434000000001,-3
0.9232250000000022,-2
0.9372730000000011,-1
0.002221999999999724,-4
0.013812999999998965,3
0.025372999999998314,3
0.03863799999999884,4
0.051935000000000286,3
0.06625499999999818,5
0.0799999999999983,5
0.09447600000000023,6
0.10854000000000141,6
0.12201800000000063,7
0.1358959999999989,7
0.14947899999999947,7
0.16327499999999873,7
0.17765199999999837,6
0.19184200000000118,4
0.2056180000000012,5
0.21939300000000017,4
0.23231499999999983,4
0.24606500000000153,5
0.2588620000000006,4
0.2720500000000001,4
0.2856179999999995,3
0.2990530000000007,3
0.3124380000000002,3
0.32497199999999893,3
0.33786699999999925,3
0.35116100000000117,3
0.36499299999999835,2
0.3787699999999994,2
0.3927240000000012,3
0.4058269999999986,3
0.41931299999999894,4
0.4318409999999986,4
0.4461510000000004,4
0.45962499999999906,4
0.4735429999999994,5
0.4873529999999988,5
0.5022680000000008,2
0.5136339999999997,1
0.5271720000000002,0
0.5409790000000001,0
0.5544329999999995,-1
0.567888,-1
0.5816279999999985,0
0.5945199999999993,0
0.6075599999999994,0
0.620667000000001,0
0.6342500000000015,-1
0.6481439999999985,-1
0.6616759999999999,0
0.6749660000000013,0
0.6886879999999991,-1
0.7018839999999997,-1
0.7154530000000001,-1
0.7284439999999996,-1
0.7416030000000013,0
0.7551260000000006,-1
0.7682150000000014,-1
0.7822880000000012,-1
0.7960330000000013,0
0.8094779999999986,0
0.8221759999999989,0
0.8356500000000011,0
0.8505530000000014,0
0.8648699999999998,0
0.8784850000000013,0
0.8925069999999984,1
0.9065359999999991,1
0.9204749999999997,-3
0.0023930000000014218,-3
0.014132000000000033,3
0.026268000000001734,1
0.03975099999999898,0
0.0530489999999979,-1
0.06621300000000119,0
0.07951199999999758,0
0.09216699999999989,-1
0.10529399999999711,0
0.1181950000000036,0
0.13106699999999805,0
0.14456399999999903,0
0.1583110000000012,1
0.17152400000000156,1
0.18530099999999905,0
0.19872599999999707,2
0.21252999999999744,4
0.2260590000000029,5
0.2389370000000035,4
0.2525739999999992,4
0.2661869999999986,4
0.2799039999999984,4
0.29363799999999785,5
0.30704700000000074,5
0.3207290000000036,5
0.3346309999999981,4
0.34857799999999983,3
0.36183300000000074,3
0.37490299999999976,3
0.38812799999999825,3
0.4015609999999974,3
0.41501899999999736,3
0.42873400000000217,4
0.4425399999999975,2
0.45637900000000187,1
0.46935000000000215,1
0.4819229999999983,1
0.49491399999999786,2
0.5081790000000019,2
0.5214600000000011,3
0.5351779999999984,4
0.5485080000000018,3
0.5628920000000015,3
0.5767940000000031,4
0.5902670000000008,2
0.6043339999999979,4
0.6177499999999974,3
0.6316600000000001,2
0.6452649999999984,4
0.6585569999999983,3
0.6719970000000011,4
0.6859270000000031,4
0.6997520000000002,6
0.7137240000000027,5
0.7281220000000026,7
0.7421439999999997,7
0.7559590000000007,7
0.7700619999999994,8
0.7837220000000009,6
0.7970450000000007,5
0.8102890000000009,4
0.8239440000000009,4
0.8371930000000027,4
0.8502740000000024,3
0.8637070000000016,2
0.8775680000000001,2
0.8904239999999994,2
0.9038410000000034,1
0.9180439999999983,4
0.9304069999999989,3
0.9444509999999973,2
0.0023869999999988067,-2
0.015627000000002056,7
0.02665100000000109,7
0.04085399999999595,7
0.053556999999997856,9
0.06656799999999663,14
0.07831300000000141,17
0.08938599999999752,17
0.10249799999999709,18
0.11692599999999942,17
0.13036300000000267,18
0.14459500000000247,19
0.15783199999999908,18
0.17144799999999805,19
0.18499299999999863,19
0.1988059999999976,20
0.21206800000000214,19
0.22561299999999562,18
0.23930200000000212,18
0.25316099999999864,15
0.26695399999999836,14
0.2804080000000013,13
0.29451999999999856,12
0.30731999999999715,11
0.3213000000000008,12
0.3345649999999978,11
0.34793100000000265,10
0.36191699999999827,10
0.37475200000000086,9
0.38786699999999996,8
0.4015500000000003,8
0.413928999999996,7
0.42646700000000237,7
0.4402210000000011,7
0.4534620000000018,7
0.4671200000000013,7
0.4801360000000017,6
0.4933240000000012,8
0.507125000000002,6
0.5208829999999978,6
0.5350129999999993,5
0.5490039999999965,5
0.5620609999999999,4
0.5754749999999973,5
0.5890489999999957,4
0.602882000000001,4
0.6162939999999963,3
0.6299109999999999,4
0.6430620000000005,4
0.6559559999999962,4
0.6695289999999972,4
0.682583000000001,4
0.6964600000000019,4
0.7099779999999996,4
0.7239199999999997,4
0.7378849999999986,4
0.7518370000000019,4
0.7649120000000025,4
0.7781189999999967,3
0.7920099999999977,3
0.8053689999999989,3
0.8184940000000012,4
0.8320489999999978,4
0.8455019999999962,3
0.8585419999999999,3
0.8722319999999968,2
0.8856099999999998,1
0.8989750000000001,2
0.9118759999999995,1
0.9257149999999967,1
0.9398459999999957,2
0.002311999999996317,25
0.01314299999999946,25
0.02587599999999668,20
0.03627999999999787,19
0.048690000000000566,15
0.05961399999999628,11
0.07086499999999774,11
0.08386399999999838,9
0.09720399999999785,8
0.10973999999999506,8
0.12272099999999853,10
0.13547699999999452,11
0.14828399999999675,13
0.16162599999999827,13
0.17472599999999971,14
0.18785299999999694,13
0.2014689999999959,13
0.2154600000000002,13
0.22872199999999765,14
0.24306399999999684,14
0.2572279999999978,15
0.2705699999999993,14
0.28469999999999374,13
0.29874299999999465,12
0.3132839999999959,10
0.3265349999999998,10
0.3394519999999943,10
0.3523539999999983,9
0.36596899999999977,6
0.3772869999999955,6
0.390435999999994,5
0.40392599999999845,5
0.41697899999999777,4
0.42981799999999737,4
0.4430199999999971,4
0.45608299999999957,3
0.46926500000000004,4
0.48227799999999377,4
0.4960969999999989,4
0.510317999999998,3
0.5238069999999979,4
0.536490999999998,3
0.5494029999999981,3
0.5630449999999954,4
0.5761229999999955,4
0.5895009999999985,4
0.602764999999998,3
0.6164339999999982,4
0.6299700000000001,4
0.6430129999999963,4
0.6566259999999957,4
0.6709549999999993,3
0.6849519999999956,4
0.698166999999998,3
0.7108639999999937,4
0.7233819999999938,4
0.7364979999999974,3
0.7504129999999947,3
0.7637730000000005,2
0.7773739999999947,2
0.7904099999999943,2
0.8041109999999989,2
0.8175199999999947,1
0.831038999999997,2
0.8441929999999971,2
0.8568519999999964,2
0.8702149999999946,2
0.8837949999999992,2
0.8972379999999944,2
0.9109789999999975,2
0.9239709999999945,2
0.9381759999999986,1
0.9515709999999942,2
0.9645889999999966,1
0.9781890000000004,2
0.9915949999999967,2
1.0049909999999969,3
1.0193099999999973,3
1.0334900000000005,3
1.0478789999999947,-1
1.0596889999999988,-4
0.002278000000003999,-1
0.016494999999999038,1
0.02960000000000207,1
0.042245999999998674,1
0.05586600000000175,1
0.0697320000000019,0
0.08307200000000137,1
0.09651999999999816,0
0.10961199999999849,1
0.12248800000000415,0
0.13599200000000167,1
0.14980400000000316,1
0.16376999999999953,1
0.1770259999999979,0
0.19088500000000153,0
0.20447500000000218,0
0.21795600000000093,0
0.23052799999999962,0
0.24399199999999865,-1
0.25699699999999837,-1
0.27014700000000147,-1
0.28333800000000053,-1
0.2959779999999981,0
0.3099670000000003,0
0.3236139999999992,-1
0.3377800000000022,0
0.3507490000000004,-1
0.3640219999999985,-1
0.37772700000000015,-1
0.3905409999999989,-2
0.4040940000000006,-1
0.4177350000000004,-2
0.43076100000000395,-1
0.4434439999999995,0
0.45658800000000355,0
0.470205,0
0.4839759999999984,0
0.4975480000000019,0
0.511059000000003,-1
0.5241370000000032,-1
0.537544000000004,-1
0.5514500000000027,-1
0.5640670000000014,0
0.5766800000000032,0
0.5898200000000031,1
0.6035550000000001,1
0.6171810000000022,0
0.6302810000000036,1
0.6439090000000007,1
0.6568749999999994,1
0.6705650000000034,1
0.6841840000000019,1
0.6980599999999981,1
0.7114490000000018,2
0.7246459999999999,1
0.7379120000000015,2
0.7513720000000035,2
0.765309000000002,3
0.7794200000000018,3
0.7935190000000034,3
0.8070430000000002,2
0.821587000000001,2
0.8354789999999994,1
0.8491399999999985,2
0.8618659999999991,2
0.8745699999999985,1
0.8881140000000016,1
0.9017610000000005,0
0.9156060000000039,-2
0.9298560000000009,-4
0.9437040000000039,-3
0.0025180000000020186,-2
0.01600899999999683,3
0.026974000000002718,5
0.03998999999999597,6
0.052959999999998786,9
0.0641029999999958,13
0.07525199999999899,14
0.08867500000000206,15
0.10285900000000225,15
0.11697199999999697,18
0.12899399999999872,18
0.1426219999999958,19
0.15656599999999798,21
0.1678799999999967,21
0.181480999999998,22
0.19450299999999743,22
0.20803000000000083,21
0.22188799999999986,20
0.23536299999999954,20
0.24865599999999688,19
0.2626070000000027,18
0.2770310000000009,17
0.29088899999999995,15
0.30444599999999866,15
0.31772300000000087,14
0.3310260000000014,13
0.34457199999999943,13
0.3579209999999975,11
0.37189999999999657,11
0.38586099999999846,11
0.39879299999999773,11
0.41190699999999936,10
0.42573199999999645,9
0.4391120000000015,7
0.4527829999999966,7
0.46619299999999697,7
0.4795129999999972,6
0.4925399999999982,9
0.5038750000000007,8
0.5173800000000028,9
0.5307869999999966,8
0.5446170000000023,10
0.5578640000000021,11
0.571353000000002,10
0.5846079999999958,10
0.5979760000000027,9
0.6115509999999986,9
0.6254169999999988,9
0.6390760000000029,9
0.6523129999999995,10
0.6665390000000002,10
0.6798649999999995,8
0.692968999999998,8
0.7072330000000022,8
0.7199770000000001,8
0.733232000000001,8
0.7466360000000023,8
0.759802999999998,8
0.7736990000000006,5
0.7851659999999967,4
0.7991850000000014,5
0.8130669999999967,3
0.826312999999999,4
0.8396410000000003,4
0.8534560000000013,4
0.8683339999999973,2
0.8822270000000003,1
0.8952189999999973,1
0.9080340000000007,1
0.9210069999999959,-2
0.9325869999999981,-5
0.944189999999999,-5
0.9575790000000026,-2
0.0023890000000008627,5
0.013702000000002101,2
0.0252140000000054,-2
0.03625600000000162,-1
0.04925300000000021,-1
0.06308400000000347,-2
0.07672700000000532,-3
0.09048300000000609,-4
0.10427800000000076,-4
0.11714400000000325,-2
0.1301650000000052,-2
0.14336800000000238,-4
0.15662000000000376,-3
0.17033500000000146,-4
0.18354100000000528,-3
0.1962779999999995,-2
0.2090600000000009,-2
0.22250600000000276,-2
0.23587600000000464,-2
0.24937100000000356,-1
0.2627690000000058,-2
0.27629000000000303,0
0.28944400000000314,-1
0.30355400000000543,-1
0.31673800000000085,1
0.3307310000000001,0
0.3438940000000059,1
0.35762900000000286,1
0.3712100000000049,-1
0.3850189999999998,-2
0.3984220000000036,-1
0.4117660000000001,-1
0.4251679999999993,-1
0.4384730000000019,-1
0.45170300000000196,-1
0.4652250000000038,-1
0.4783390000000054,1
0.4920680000000033,2
0.5059579999999997,3
0.5192490000000021,3
0.5339039999999997,2
0.547583000000003,3
0.5610929999999996,2
0.5746320000000011,2
0.5884770000000046,0
0.6023390000000006,0
0.6153760000000048,0
0.6283770000000004,0
0.6418290000000013,0
0.6546510000000012,0
0.668134000000002,-2
0.6818150000000003,-2
0.6952330000000018,-2
0.7082340000000045,-2
0.7210680000000025,-2
0.7340100000000049,1
0.7443370000000016,2
0.7574490000000011,2
0.7722790000000046,2
0.7861210000000014,2
0.8004760000000033,2
0.8138450000000006,2
0.8272590000000051,3
0.8409990000000036,2
0.8548670000000058,2
0.868858000000003,4
0.8829100000000025,3
0.8962240000000037,2
0.9107079999999996,1
0.9248860000000008,7
0.9370570000000029,5
0.0021780000000006794,-3
0.014082000000001926,7
0.02517699999999934,10
0.036000000000001364,9
0.04995200000000466,12
0.06101200000000517,13
0.07489300000000298,14
0.08867400000000458,15
0.10184000000000282,17
0.11310600000000193,17
0.12695000000000078,19
0.1387630000000044,19
0.15265600000000035,19
0.16618700000000075,19
0.1794450000000012,19
0.19303500000000184,18
0.2074840000000009,14
0.21922900000000567,14
0.23261600000000016,12
0.24643700000000024,12
0.2610829999999993,11
0.27482700000000193,10
0.2882680000000022,10
0.30114400000000074,10
0.3137919999999994,10
0.32713700000000046,10
0.3414240000000035,10
0.35536000000000456,8
0.368780000000001,7
0.3825160000000025,7
0.3953300000000013,6
0.409158000000005,5
0.42237700000000444,6
0.43568400000000196,6
0.44861600000000124,8
0.46087700000000353,7
0.47516900000000106,8
0.48861700000000496,7
0.5028560000000013,5
0.5182160000000025,5
0.5310330000000008,5
0.5440240000000003,5
0.5571669999999997,6
0.570212000000005,6
0.5844179999999994,5
0.5975230000000025,4
0.6108830000000012,3
0.6246340000000004,3
0.6375060000000019,3
0.6505560000000017,3
0.6636000000000024,2
0.6771050000000045,2
0.6906570000000016,1
0.7037580000000005,1
0.7173060000000007,1
0.7308769999999996,3
0.7441090000000017,3
0.7571420000000018,3
0.771092000000003,4
0.7842660000000024,3
0.7982170000000011,3
0.8115179999999995,3
0.8254530000000031,2
0.8394410000000008,2
0.8537600000000012,2
0.8663710000000009,2
0.8794159999999991,1
0.8926850000000002,1
0.9065000000000012,2
0.9192070000000001,-1
0.9303310000000025,3
0.9424460000000039,-2
0.9546660000000031,0
0.002423000000000286,34
0.012833000000000538,32
0.025935000000004038,31
0.03802300000000258,29
0.0510890000000046,27
0.06457400000000035,22
0.07555300000000642,21
0.08845600000000076,15
0.09962600000000066,10
0.11069499999999977,12
0.12334100000000348,10
0.13645700000000005,11
0.14937900000000326,11
0.162312,10
0.17513200000000495,10
0.1885730000000052,11
0.2020780000000002,10
0.2160650000000004,10
0.22892700000000588,9
0.24207800000000645,9
0.25575400000000315,9
0.27012200000000064,9
0.2839190000000045,7
0.29711900000000213,7
0.311117000000003,6
0.323912,6
0.3367950000000022,7
0.3507140000000035,8
0.36351300000000464,9
0.3769920000000013,8
0.39077600000000245,8
0.40400600000000253,7
0.41855699999999985,6
0.43210499999999996,5
0.44523000000000224,4
0.4583240000000046,3
0.4711460000000045,2
0.4842210000000051,2
0.4970950000000016,3
0.5101330000000033,4
0.5238650000000007,4
0.5370080000000002,3
0.5507060000000052,2
0.5642180000000039,2
0.5782300000000049,2
0.5911640000000062,2
0.6040790000000058,2
0.6174110000000042,2
0.631179000000003,2
0.6448020000000056,3
0.6582420000000013,3
0.6720480000000038,2
0.6852410000000049,3
0.6993260000000063,2
0.7132190000000023,1
0.7264380000000017,2
0.7402410000000046,3
0.7531040000000004,3
0.7665190000000024,3
0.7803620000000038,5
0.7940840000000051,6
0.8078190000000021,6
0.8214010000000016,7
0.8353580000000065,5
0.848866000000001,5
0.8630400000000051,4
0.876925,3
0.8905590000000032,4
0.9035460000000057,2
0.9168490000000062,2
0.9301150000000007,1
0.9428450000000055,1
0.9560050000000047,1
0.9684480000000022,2
0.980874,2
0.9946190000000001,1
1.008621000000005,1
1.0221600000000066,0
1.036091000000006,-1
1.0497490000000056,-1
1.0630340000000018,-2
0.0021969999999953416,-3
0.013825999999994565,-3
0.027618999999994287,4
0.03889699999999863,0
0.050155999999994094,1
0.06315399999999727,1
0.07609999999999673,1
0.0899869999999936,2
0.10320999999999714,3
0.11643099999999862,3
0.12998199999999827,3
0.14334699999999856,2
0.15708300000000008,2
0.1708849999999984,2
0.18381499999999562,2
0.19712099999999566,4
0.2101819999999961,5
0.22407999999999362,6
0.23808799999999763,6
0.2510149999999953,6
0.2646559999999951,5
0.27830299999999397,4
0.291604999999997,4
0.3054089999999974,4
0.3185059999999993,3
0.331360999999994,3
0.3451519999999988,2
0.3582699999999974,2
0.3727489999999989,0
0.38596999999999326,0
0.3992589999999936,0
0.41200800000000015,-1
0.4248659999999944,1
0.43818100000000015,-1
0.45154599999999334,-1
0.46464799999999684,0
0.4778269999999978,1
0.4914499999999933,0
0.5053129999999939,0
0.5192359999999994,0
0.5325829999999954,1
0.5457959999999957,1
0.5585199999999944,2
0.5718959999999953,1
0.5850259999999992,1
0.5981239999999985,1
0.6118059999999943,1
0.6254969999999958,2
0.6417479999999998,2
0.6578619999999944,2
0.6712939999999961,2
0.6850589999999954,2
0.6980229999999992,2
0.711745999999998,1
0.7256189999999947,1
0.7400349999999989,0
0.7528539999999992,1
0.765746,1
0.7790819999999954,0
0.7921799999999948,1
0.8051069999999996,0
0.8187529999999938,0
0.8318209999999979,1
0.8449189999999973,-1
0.8577179999999984,-1
0.8713569999999962,-3
0.8858519999999999,-4
0.8996889999999951,-1
0.9108079999999958,0
0.002361999999997977,-3
0.014749999999999375,-3
0.027831999999996526,2
0.038978999999997654,2
0.05180599999999913,3
0.06537499999999596,4
0.0786289999999994,6
0.09229599999999749,5
0.10571199999999692,7
0.11997900000000072,8
0.1338129999999964,9
0.14682399999999518,9
0.16054199999999952,9
0.17431200000000047,9
0.1875259999999983,10
0.2013459999999938,9
0.21525099999999497,8
0.2279929999999979,8
0.2428120000000007,8
0.2554370000000006,6
0.26949999999999363,6
0.28324599999999833,5
0.2962259999999972,4
0.3095169999999996,4
0.3223479999999981,5
0.3357639999999975,5
0.3488609999999994,5
0.3623799999999946,5
0.3766679999999951,4
0.39004399999999606,4
0.40375599999999423,4
0.4172139999999942,3
0.4306669999999997,4
0.44372699999999554,4
0.45702199999999493,5
0.4709089999999989,5
0.485285999999995,6
0.49834599999999796,6
0.5118089999999995,6
0.5257229999999993,4
0.5389799999999951,1
0.5504029999999958,2
0.5635229999999964,1
0.5762859999999961,2
0.5899599999999978,2
0.6043189999999967,2
0.6178609999999978,0
0.6319479999999942,1
0.6458869999999948,1
0.6590479999999985,1
0.672003999999994,1
0.6844499999999982,1
0.6975849999999966,1
0.7106649999999988,1
0.7241749999999954,0
0.7381809999999973,0
0.7520299999999978,0
0.7650829999999971,1
0.778062999999996,1
0.7913560000000004,1
0.8051709999999943,1
0.818835,0
0.8311809999999937,0
0.8447309999999959,1
0.8575129999999973,2
0.8701319999999981,2
0.8838149999999985,3
0.898024999999997,3
0.9117589999999964,3
0.9272789999999986,3
0.9419449999999969,1
0.9560159999999982,-2
0.0023339999999976158,3
0.013981999999998607,6
0.02472099999999955,3
0.03563100000000219,3
0.048886000000003094,3
0.06204400000000021,3
0.07507100000000122,4
0.08987400000000179,5
0.10353899999999783,5
0.1179079999999999,5
0.13115100000000268,4
0.14493200000000428,5
0.15823800000000432,4
0.17241899999999788,4
0.1863829999999993,4
0.19950500000000204,4
0.2129990000000035,3
0.22658100000000303,5
0.24062400000000395,4
0.2538210000000021,4
0.26717400000000424,4
0.2804909999999978,5
0.2941020000000023,5
0.3075150000000022,5
0.32120199999999954,5
0.33477700000000254,4
0.34850500000000295,3
0.3621490000000023,3
0.37517400000000123,4
0.39017600000000385,3
0.40368999999999744,3
0.41745300000000185,2
0.4309429999999992,1
0.4441679999999977,1
0.45699600000000373,1
0.470089999999999,2
0.48318199999999933,2
0.49681700000000006,2
0.5104170000000039,2
0.5238230000000001,2
0.5377860000000041,2
0.5510599999999997,1
0.564193000000003,2
0.5778779999999983,1
0.5911410000000004,1
0.6049989999999994,1
0.6184450000000012,2
0.6318079999999995,1
0.6453640000000007,2
0.658292000000003,2
0.6724779999999981,2
0.6866850000000042,2
0.7004149999999996,0
0.7142770000000027,2
0.7273010000000042,1
0.7402640000000034,1
0.7531949999999981,1
0.7659990000000008,1
0.7788930000000036,1
0.7924739999999986,2
0.8060159999999996,1
0.8204100000000025,1
0.8334790000000041,1
0.8465500000000006,1
0.8592689999999976,1
0.8726559999999992,1
0.886220999999999,1
0.8997069999999994,0
0.9139550000000014,0
0.9279590000000013,3
0.939779999999999,1
0.0026620000000008304,1
0.01625500000000102,1
0.029634000000001492,2
0.04308300000000287,2
0.05631199999999836,2
0.0693029999999979,3
0.082653999999998,4
0.09634199999999993,3
0.10931500000000227,3
0.12320900000000279,2
0.13656600000000196,1
0.14951100000000395,2
0.16239399999999904,2
0.17521599999999893,2
0.18788700000000347,2
0.20074100000000072,1
0.21437099999999987,2
0.2289609999999982,2
0.24184300000000292,2
0.2551780000000008,2
0.2694320000000019,2
0.2829189999999997,1
0.2964589999999987,1
0.3098930000000024,2
0.32299300000000386,2
0.3361009999999993,1
0.34946800000000167,1
0.36305200000000326,0
0.3766390000000044,1
0.3902709999999985,1
0.4029740000000004,1
0.416876000000002,1
0.42980200000000224,2
0.4433520000000044,1
0.45792000000000144,2
0.4715309999999988,1
0.48488499999999846,2
0.4978499999999997,2
0.5106180000000009,2
0.5238769999999988,2
0.5380019999999988,1
0.5516810000000021,1
0.5655730000000005,2
0.578282999999999,2
0.591224000000004,2
0.6054170000000028,2
0.6182140000000018,1
0.6319930000000014,1
0.6457380000000015,1
0.6587450000000032,1
0.6718010000000021,2
0.6854289999999992,2
0.6992189999999994,2
0.7128769999999989,0
0.7260190000000009,1
0.739093000000004,1
0.7522400000000005,2
0.765197999999998,2
0.7790200000000027,1
0.7928010000000043,2
0.8065040000000039,1
0.8198580000000035,2
0.834068000000002,2
0.8470629999999986,1
0.8599010000000007,1
0.8734450000000038,1
0.887518,1
0.9011630000000039,-1
0.9142960000000002,-4
0.926479999999998,-3
0.9398750000000007,0
0.0023109999999988418,25
0.01343299999999914,22
0.02581100000000447,21
0.038588000000004286,18
0.05165200000000425,14
0.06254500000000007,15
0.0759609999999995,13
0.0892820000000043,15
0.10153100000000137,16
0.11498699999999928,19
0.12600199999999973,19
0.13865900000000408,20
0.15271600000000518,20
0.16611800000000443,20
0.17959499999999906,20
0.19388800000000117,21
0.2067570000000032,21
0.2202570000000037,22
0.2339589999999987,21
0.2477700000000027,22
0.26143499999999875,21
0.27475700000000103,20
0.2881089999999986,20
0.30200599999999866,18
0.31570500000000123,16
0.3296020000000013,16
0.3426669999999987,15
0.355516999999999,14
0.3688539999999989,12
0.3818240000000017,12
0.3948560000000043,11
0.4075950000000006,11
0.4204770000000053,10
0.4332419999999999,10
0.44666600000000045,11
0.45993400000000406,9
0.4741040000000041,10
0.48755300000000545,8
0.500784000000003,7
0.5146950000000032,8
0.5277340000000024,7
0.5412230000000022,7
0.5545710000000028,7
0.568127000000004,7
0.5818070000000048,8
0.596074999999999,7
0.6099069999999998,6
0.6237330000000014,6
0.6367839999999987,6
0.6496670000000009,7
0.6628680000000031,7
0.6754230000000021,7
0.6889639999999986,6
0.7026200000000031,5
0.7162199999999999,5
0.7294600000000031,5
0.7424180000000007,5
0.7554090000000002,4
0.7700020000000052,4
0.7830480000000009,3
0.7962990000000048,4
0.8093620000000001,4
0.8223150000000032,4
0.8356120000000047,4
0.8487399999999994,4
0.861220000000003,4
0.8750789999999995,4
0.8879990000000006,5
0.9020750000000035,4
0.9160870000000045,4
0.9297980000000052,2
0.943712000000005,2
0.9573609999999988,2
0.9700540000000046,2
0.983269,3
0.9959980000000002,4
1.0089650000000034,3
1.022003000000005,3
1.0358870000000024,3
1.0512510000000006,0
1.0625580000000028,0
0.0022570000000001755,0
0.015892000000000905,5
0.027467999999998938,2
0.0387929999999983,2
0.0524249999999995,1
0.06621599999999717,1
0.0792199999999994,1
0.09203999999999724,1
0.10553900000000027,0
0.11825299999999572,1
0.13119100000000117,1
0.14441199999999554,2
0.15787699999999916,2
0.171484999999997,2
0.1853619999999978,2
0.19844899999999654,1
0.21226800000000168,1
0.22596599999999967,1
0.23856999999999573,1
0.25157999999999703,1
0.26449699999999865,2
0.2779570000000007,1
0.2915909999999968,2
0.3051230000000018,3
0.3184929999999966,3
0.33247699999999725,3
0.3461330000000018,2
0.35975799999999936,1
0.3734970000000004,1
0.3865040000000022,1
0.39881799999999856,1
0.4118169999999992,1
0.42443099999999845,1
0.4379470000000012,2
0.451121999999998,2
0.46398699999999593,3
0.4774320000000003,3
0.4909619999999961,2
0.5045739999999981,3
0.5186780000000013,1
0.5323589999999996,1
0.5450469999999967,1
0.5584530000000001,1
0.5711949999999959,1
0.5844570000000004,1
0.5974429999999984,1
0.6108550000000008,2
0.6250029999999995,1
0.6384089999999958,1
0.6517509999999973,2
0.6657949999999957,2
0.6792889999999971,2
0.6923529999999971,2
0.705686,2
0.7188079999999957,2
0.7320179999999965,2
0.7455399999999983,2
0.7592519999999965,2
0.7732540000000014,2
0.7861159999999998,2
0.8005819999999986,2
0.8141889999999989,2
0.8279259999999979,2
0.8412879999999987,2
0.8546040000000019,2
0.8688420000000008,2
0.8820049999999995,2
0.8953199999999981,2
0.9085539999999952,2
0.9219639999999956,0
0.9355569999999958,0
0.9490979999999993,-1
0.002323000000004072,-4
0.013758000000002824,0
0.024942000000002906,2
0.03807000000000471,3
0.05209599999999881,3
0.06568400000000452,5
0.07936600000000027,6
0.0938769999999991,6
0.10758000000000578,3
0.11912000000000234,3
0.13364900000000546,3
0.14733400000000074,1
0.162072000000002,2
0.17563900000000388,1
0.18909700000000385,0
0.20219000000000165,0
0.21552000000000504,0
0.22871700000000317,0
0.24119800000000424,-1
0.25401000000000096,-2
0.2673109999999994,-2
0.28072600000000136,-2
0.294041,-2
0.3072300000000041,-1
0.3206300000000013,-1
0.33355900000000105,-2
0.3467780000000005,-1
0.3597790000000032,-1
0.37407400000000024,-2
0.386999000000003,-2
0.39962900000000445,-2
0.41263100000000463,-2
0.42538100000000156,-2
0.4379740000000041,-2
0.45125200000000376,-2
0.4648260000000022,-2
0.47786299999999926,-1
0.4912729999999996,-1
0.5040440000000004,-1
0.5186600000000041,0
0.5315480000000008,1
0.5448430000000002,2
0.558796000000001,2
0.5720010000000002,2
0.5858449999999991,3
0.5993820000000056,2
0.6131500000000045,2
0.6272830000000056,2
0.6404800000000037,3
0.6546540000000007,2
0.6682090000000045,2
0.6816090000000017,2
0.6960079999999991,2
0.7094060000000013,1
0.7227470000000054,1
0.7353480000000019,1
0.7478300000000004,0
0.7615960000000044,1
0.774439000000001,1
0.787348999999999,1
0.801597000000001,2
0.8147670000000033,2
0.8286440000000042,1
0.8418789999999987,1
0.8546949999999995,0
0.8678519999999992,0
0.8806909999999988,0
0.893221000000004,0
0.9071500000000015,-2
0.9211470000000048,3
0.9331239999999994,-3
0.9446330000000032,0
0.0021999999999948727,-6
0.013292999999997335,1
0.024371999999999616,1
0.03686100000000181,6
0.04760699999999929,7
0.05994899999999603,7
0.0725089999999966,11
0.08395900000000012,13
0.09805399999999764,14
0.11200999999999794,17
0.12332599999999871,16
0.13713299999999862,20
0.1486889999999974,20
0.16222400000000192,20
0.17566499999999508,20
0.18928100000000114,21
0.20314400000000177,21
0.21617499999999978,22
0.23047100000000142,21
0.24459999999999837,20
0.2579419999999999,19
0.2721439999999973,18
0.2860379999999978,17
0.29957199999999773,17
0.3129989999999978,17
0.32662899999999695,16
0.3397900000000007,13
0.35325399999999973,13
0.3669000000000011,9
0.3785430000000005,7
0.3927720000000008,6
0.4054829999999967,2
0.4171130000000005,2
0.4297109999999975,2
0.44236499999999523,2
0.4555000000000007,2
0.4688999999999979,2
0.4814829999999972,1
0.49419299999999566,1
0.5073509999999999,2
0.5207319999999953,3
0.5343839999999958,2
0.5479839999999996,1
0.5617749999999972,1
0.5748449999999963,1
0.5882649999999998,1
0.6012509999999978,0
0.6141579999999962,0
0.6267349999999965,1
0.6393079999999998,1
0.6518230000000003,1
0.6653749999999974,-1
0.6792549999999977,-2
0.6920519999999968,-2
0.7050219999999996,-3
0.7175379999999976,-2
0.730322000000001,-1
0.7432480000000012,0
0.7559579999999997,1
0.7688909999999964,1
0.7818180000000012,1
0.7951599999999956,2
0.8089949999999959,1
0.8231219999999979,0
0.8368490000000008,0
0.8499830000000017,-1
0.8632589999999993,-1
0.8764779999999988,-1
0.8893929999999983,0
0.9023070000000004,-1
0.9156619999999975,0
0.929034999999999,1
0.9433569999999989,3
0.9582079999999991,0
0.9693299999999994,-4
0.0026450000000011187,2
0.019181000000003223,5
0.03112000000000137,4
0.045262000000001024,0
0.05663700000000205,-1
0.07030900000000173,-3
0.08434400000000153,-3
0.09758100000000525,-3
0.10981200000000513,-4
0.12298300000000495,-4
0.13591699999999918,-4
0.14893400000000412,-5
0.16203300000000098,-5
0.17502600000000257,-6
0.18801799999999957,-7
0.2016880000000043,-8
0.21468600000000038,-9
0.2273360000000011,-9
0.2411300000000054,-9
0.25403599999999926,-9
0.26667000000000485,-9
0.2790780000000055,-8
0.29190600000000444,-8
0.3050920000000019,-6
0.31802100000000166,-6
0.3304520000000011,-5
0.3438459999999992,-4
0.3575319999999991,-4
0.3717550000000003,-4
0.38525299999999874,-3
0.3994700000000009,-4
0.41238100000000344,-3
0.42597700000000316,-5
0.4397909999999996,-5
0.4530160000000052,-5
0.4659499999999994,-4
0.47908999999999935,-3
0.49160000000000537,-3
0.5055480000000045,-3
0.5185540000000017,-3
0.532316999999999,-4
0.5454220000000021,-2
0.5583090000000013,-2
0.5718760000000032,-2
0.5854190000000017,-2
0.5992379999999997,-1
0.6136450000000053,-1
0.6267940000000038,-2
0.6398920000000032,-3
0.6529610000000048,-3
0.6661320000000046,-3
0.6783350000000041,-3
0.6917370000000034,-3
0.7042750000000026,-3
0.7171670000000034,-2
0.7296710000000033,-3
0.7426470000000052,-2
0.7562789999999993,-1
0.7692270000000008,0
0.7818719999999999,0
0.796165000000002,1
0.809702999999999,-1
0.8242730000000051,0
0.8371180000000038,1
0.850161,1
0.8634380000000021,1
0.8767309999999995,1
0.890233000000002,1
0.9042460000000005,1
0.9177170000000032,1
0.931479000000003,2
0.9450509999999994,2
0.9591660000000033,3
0.9737530000000021,3
0.0023100000000013665,30
0.01282300000000447,25
0.023876999999998816,23
0.03637600000000418,20
0.04937900000000184,15
0.05991900000000072,15
0.0726760000000013,14
0.08541200000000515,11
0.09806100000000129,11
0.11142800000000364,14
0.12141900000000305,15
0.13494000000000028,18
0.14550600000000458,22
0.15631199999999978,22
0.16979800000000012,26
0.18090600000000023,26
0.19485800000000353,28
0.20719600000000327,28
0.22052100000000507,28
0.23413500000000198,29
0.24753900000000328,28
0.2615830000000017,27
0.27571900000000227,27
0.28932500000000516,27
0.30294900000000524,27
0.31657100000000327,27
0.3302940000000021,26
0.34355100000000505,27
0.35722300000000473,26
0.37050400000000394,26
0.38443300000000136,26
0.3983830000000026,21
0.41047500000000525,21
0.42348499999999945,16
0.43485300000000393,16
0.44808499999999896,8
0.4611149999999995,7
0.4749920000000003,1
0.4863730000000004,-1
0.5000080000000011,-3
0.5128050000000002,-3
0.5263419999999996,-3
0.5385550000000023,-5
0.5517000000000039,-5
0.5647650000000013,-8
0.5756020000000035,-9
0.5885730000000038,-9
0.6017790000000005,-10
0.6153340000000043,-11
0.6281350000000003,-11
0.6416900000000041,-11
0.6549499999999995,-12
0.668607999999999,-14
0.6812220000000053,-15
0.6945559999999986,-15
0.7076670000000007,-14
0.7208410000000001,-12
0.7343650000000039,-11
0.7477830000000054,-10
0.7609530000000007,-10
0.7741460000000018,-9
0.7880370000000028,-8
0.8017030000000034,-7
0.8151830000000047,-6
0.8281780000000012,-7
0.8413570000000021,-7
0.8552710000000019,-8
0.8684000000000012,-7
0.8818230000000042,-7
0.8948350000000005,-7
0.9071730000000002,-6
0.9206420000000008,-5
0.9336710000000039,-5
0.9476380000000049,-4
0.9613060000000004,-3
0.9747270000000015,-4
0.987991000000001,-3
1.0016280000000037,-4
1.0152520000000038,-5
1.028775000000003,-5
1.0429269999999988,3
1.0545310000000043,2
0.0023569999999963898,-11
0.013841999999996801,-2
0.024971999999998218,-4
0.03769399999999479,-3
0.05049599999999543,-2
0.06393099999999663,-2
0.07681399999999883,-2
0.08977199999999641,-1
0.10383699999999862,-1
0.11751900000000148,0
0.13139699999999976,-1
0.14624200000000087,0
0.15988499999999561,0
0.17367600000000039,1
0.18677499999999725,1
0.20002199999999704,0
0.21384899999999618,2
0.22768500000000103,2
0.2414399999999972,4
0.2551509999999979,4
0.2682179999999974,5
0.2817219999999949,4
0.29591399999999624,4
0.30929199999999923,3
0.3229070000000007,3
0.33625800000000083,3
0.34977099999999695,2
0.36236399999999946,2
0.37561600000000084,2
0.389285000000001,2
0.40321199999999635,1
0.416758999999999,2
0.4295270000000002,2
0.4430539999999965,1
0.45611399999999946,0
0.4695389999999975,1
0.4824989999999971,1
0.4954520000000002,1
0.5084919999999968,1
0.521374999999999,1
0.5343099999999978,1
0.5482109999999949,1
0.5617499999999964,2
0.574973,2
0.5884349999999969,2
0.6021169999999998,1
0.6150729999999953,1
0.6281249999999972,1
0.6412899999999979,2
0.6543009999999967,1
0.6678369999999987,2
0.6813760000000002,3
0.6943689999999947,4
0.7083749999999966,3
0.7224719999999962,4
0.7358759999999975,3
0.7493729999999985,3
0.7628459999999961,2
0.7759119999999982,2
0.7889039999999952,2
0.8017439999999993,1
0.8144909999999967,1
0.8278490000000005,0
0.8409070000000014,1
0.854853999999996,2
0.8675999999999959,0
0.8802329999999969,-2
0.8932969999999969,-2
0.906765,-2
0.9208679999999987,0
0.9347780000000014,0
0.9481639999999985,-1
0.0027589999999975134,-2
0.015949999999996578,3
0.026598999999997375,0
0.037570000000002324,0
0.05114499999999822,-1
0.06374799999999681,-1
0.07737000000000194,1
0.09066800000000086,2
0.10340200000000266,3
0.11657300000000248,3
0.13011900000000054,4
0.14362400000000264,5
0.1574189999999973,5
0.17076899999999995,6
0.18467199999999906,5
0.19895799999999753,5
0.21220399999999984,5
0.225163000000002,5
0.23863999999999663,5
0.2517659999999964,4
0.2656029999999987,4
0.27909300000000314,3
0.2922360000000026,3
0.30529099999999687,2
0.31848099999999846,3
0.33140399999999914,3
0.344456000000001,3
0.35749299999999806,3
0.37108700000000283,3
0.38411299999999926,2
0.39711100000000243,2
0.4102919999999983,2
0.42381699999999967,2
0.4375519999999966,3
0.45064699999999647,5
0.4640100000000018,4
0.47751699999999886,5
0.4907400000000024,5
0.5042150000000021,4
0.5175079999999994,3
0.5305589999999967,3
0.5440579999999997,1
0.5572360000000032,2
0.5709310000000016,1
0.5839909999999975,1
0.5970909999999989,1
0.6101659999999995,1
0.6233629999999977,1
0.6363720000000015,2
0.6495680000000021,2
0.663018000000001,2
0.6765690000000006,1
0.6902210000000011,1
0.7036289999999994,1
0.7174830000000014,1
0.7310379999999981,2
0.7448399999999964,2
0.7581089999999975,0
0.7722559999999987,0
0.7854039999999998,0
0.798406,1
0.8113359999999972,0
0.8245239999999967,0
0.8376909999999995,1
0.8512759999999986,0
0.8647449999999992,0
0.8784539999999978,1
0.8915140000000008,1
0.9045619999999985,2
0.9177600000000012,2
0.9323130000000006,1
0.9466609999999989,1
0.9604909999999975,-1
0.002384999999996751,2
0.015194999999998515,1
0.028864999999996144,1
0.042175000000000296,0
0.05601499999999504,0
0.0693989999999971,1
0.0819139999999976,0
0.09428899999999629,1
0.10706599999999611,0
0.12023599999999846,1
0.13352199999999925,0
0.1467789999999951,0
0.16025499999999937,0
0.17300799999999583,-1
0.18525499999999795,-1
0.19867499999999438,0
0.21114299999999986,0
0.22431499999999716,2
0.23730799999999874,3
0.2506999999999948,1
0.26415599999999984,1
0.277512999999999,3
0.2920049999999961,2
0.3055570000000003,2
0.31947100000000006,2
0.3326009999999968,2
0.34657399999999683,2
0.3596989999999991,2
0.3729639999999961,2
0.38614099999999496,2
0.3994339999999994,1
0.4126629999999949,1
0.4256729999999962,1
0.43881599999999565,0
0.4521930000000012,0
0.4655079999999998,0
0.4788080000000008,0
0.4913799999999995,0
0.5047089999999983,0
0.5178769999999986,1
0.5307120000000012,1
0.5445089999999979,1
0.5579040000000006,0
0.571041000000001,0
0.5839220000000012,-1
0.5971589999999978,0
0.6108750000000001,-1
0.6239599999999967,0
0.6368299999999962,0
0.6498879999999971,-1
0.6627939999999981,0
0.6753779999999949,1
0.6881149999999963,1
0.7006930000000011,1
0.713591000000001,1
0.7276689999999988,1
0.7405899999999974,2
0.753428999999997,2
0.7671149999999969,2
0.7806379999999962,1
0.7944519999999997,2
0.8080309999999997,3
0.8213439999999963,2
0.8353040000000007,3
0.8488630000000015,2
0.862058999999995,2
0.8756079999999997,2
0.8889459999999971,1
0.9022839999999945,1
0.915422999999997,2
0.9280029999999968,1
0.9420220000000015,2
0.9567959999999971,1
0.9709319999999977,0
0.002790999999994881,1
0.01661099999999749,6
0.027817999999996346,5
0.04161500000000018,3
0.05472199999999816,2
0.06783000000000072,2
0.08092899999999759,4
0.09402699999999697,5
0.10745000000000005,5
0.12124000000000024,5
0.1349429999999998,4
0.14855499999999466,4
0.16207800000000105,4
0.1747179999999986,4
0.18734399999999596,4
0.20044599999999946,4
0.21343499999999693,5
0.2271429999999981,5
0.24017699999999564,5
0.25361600000000095,5
0.2671099999999953,6
0.2803649999999962,6
0.29457800000000134,5
0.3075939999999946,5
0.32047399999999726,4
0.33495599999999826,4
0.348436999999997,3
0.3612979999999979,3
0.3747800000000012,3
0.3876339999999985,3
0.4006439999999998,4
0.41400600000000054,3
0.4266839999999945,3
0.44048899999999946,4
0.45365799999999723,4
0.4667339999999953,3
0.4803889999999953,3
0.4943680000000015,4
0.5078729999999965,3
0.5209649999999968,4
0.5342879999999965,3
0.5479920000000007,2
0.560890999999998,2
0.5743939999999981,2
0.5875920000000008,2
0.6001849999999962,3
0.6129889999999989,2
0.6274739999999994,3
0.6412709999999961,1
0.654759999999996,1
0.6683269999999979,1
0.6809799999999981,1
0.6942799999999991,2
0.7068310000000011,3
0.7205030000000008,2
0.7342359999999957,1
0.7482079999999982,3
0.7625109999999964,2
0.7754979999999989,2
0.7890579999999972,3
0.8016569999999987,2
0.8149170000000012,2
0.8283810000000003,2
0.8415589999999966,3
0.8555899999999994,3
0.8690029999999993,1
0.8823769999999982,0
0.8959890000000001,-1
0.9092379999999949,-1
0.9217510000000004,0
0.935693999999998,-3
0.9477609999999999,0
0.9590779999999981,-1
0.9724799999999973,-1
0.0022420000000025198,18
0.013052999999999315,16
0.02534599999999898,12
0.03601799999999855,9
0.048268999999997675,7
0.06095099999999576,7
0.07354999999999734,7
0.08615400000000051,9
0.09879300000000057,11
0.11228499999999997,19
0.12353900000000095,23
0.1346279999999993,28
0.14595800000000025,30
0.15704900000000066,33
0.16811799999999977,34
0.18145599999999718,34
0.19489999999999696,34
0.208044000000001,33
0.22107700000000108,33
0.2345150000000018,33
0.24760899999999708,33
0.2608669999999975,33
0.274918999999997,33
0.2888319999999993,33
0.30240500000000026,31
0.31656699999999915,32
0.33010199999999656,32
0.34343199999999996,31
0.35728799999999694,32
0.3701509999999999,34
0.3819730000000021,33
0.39527900000000216,33
0.40845499999999646,33
0.4218309999999974,33
0.4347929999999991,32
0.4481609999999989,31
0.46188800000000185,30
0.4751539999999963,27
0.4889299999999963,27
0.5026620000000008,21
0.5139799999999966,21
0.5277260000000012,16
0.5389219999999995,12
0.5504099999999994,12
0.5645639999999972,3
0.5756299999999968,3
0.5893939999999986,1
0.6025009999999966,-3
0.6141579999999962,-4
0.6279830000000004,-6
0.640628999999997,-8
0.6535969999999978,-8
0.6663750000000022,-10
0.6790990000000008,-11
0.6923329999999979,-13
0.7051790000000011,-13
0.7179519999999968,-16
0.7293790000000016,-18
0.7407369999999958,-18
0.7540019999999998,-19
0.7665080000000017,-20
0.7806659999999965,-20
0.7935310000000015,-21
0.8063769999999977,-20
0.8192159999999973,-19
0.831741000000001,-18
0.8447219999999973,-18
0.8579879999999989,-17
0.8709989999999976,-17
0.8840739999999983,-16
0.8970389999999995,-15
0.9100770000000011,-15
0.9232459999999989,-14
0.9361499999999978,-13
0.9488660000000024,-13
0.9620400000000018,-12
0.9753529999999984,-11
0.9880279999999999,-10
1.002003000000002,-10
1.0156629999999964,-9
1.0294000000000025,-8
1.0433230000000009,-8
1.0562719999999999,-7
1.0699139999999971,-7
1.0839039999999969,-7
1.0988509999999962,-3
1.1113399999999984,2
1.123657999999999,4
0.002227999999995234,-8
0.013638000000000261,-6
0.027779999999999916,-3
0.03892799999999852,-5
0.0536910000000006,-5
0.06745599999999996,-3
0.08058099999999513,-4
0.09341099999999614,-2
0.1070619999999991,-2
0.12073399999999879,-2
0.13423499999999677,-2
0.14745099999999667,-3
0.16172299999999495,-2
0.17485199999999423,-2
0.18750199999999495,-2
0.2009830000000008,-2
0.21421899999999994,-1
0.22794299999999623,-2
0.2416859999999943,-2
0.2547489999999968,-2
0.26859299999999564,-1
0.28158099999999564,0
0.29411799999999744,0
0.30717899999999787,0
0.32081999999999766,1
0.33431599999999406,1
0.34872899999999873,1
0.3624200000000002,1
0.37663099999999616,1
0.39015799999999956,0
0.403380999999996,1
0.41735699999999554,1
0.4298769999999976,2
0.4432169999999971,3
0.45713500000000096,2
0.47063599999999894,3
0.48429799999999545,2
0.49769799999999975,2
0.510936000000001,2
0.5244749999999954,2
0.5377310000000008,2
0.5509539999999973,2
0.5647599999999997,2
0.5775559999999942,2
0.5910069999999976,2
0.6043129999999977,1
0.6186409999999967,2
0.6321999999999974,2
0.6447900000000004,2
0.6577619999999982,2
0.671806999999994,2
0.6848910000000004,2
0.6987290000000002,2
0.7119549999999961,3
0.7253769999999946,2
0.7386079999999993,2
0.7513959999999997,3
0.7649079999999984,3
0.7777279999999962,3
0.790662999999995,2
0.8041799999999952,3
0.8179579999999973,3
0.831241999999996,2
0.8441449999999975,2
0.8577179999999984,2
0.8703659999999971,2
0.8836480000000009,2
0.8967880000000008,1
0.9100879999999947,1
0.923763000000001,1
0.9366849999999971,-1
0.9499269999999953,1
0.96387,3
0.9773719999999955,-2
0.0023429999999962092,1
0.015959999999999752,2
0.02965499999999821,3
0.04307399999999717,0
0.05429399999999873,-1
0.06774000000000058,-1
0.08078700000000083,-1
0.09433500000000095,-2
0.10763199999999529,-2
0.1205669999999941,-2
0.13361399999999435,-3
0.14644399999999536,-4
0.15967200000000048,-3
0.17238099999999434,-4
0.18549600000000055,-4
0.19855399999999435,-4
0.21151099999999445,-4
0.22509799999999558,-4
0.23761899999999514,-6
0.2519879999999972,-5
0.2654110000000003,-3
0.28106400000000065,-4
0.29654799999999426,-3
0.3119309999999942,-1
0.32605599999999413,-1
0.34111599999999953,2
0.3535759999999968,2
0.36813300000000027,1
0.3848389999999995,1
0.39873599999999954,0
0.41392299999999693,2
0.42937999999999477,8
0.44314399999999665,5
0.4565419999999989,-22
0.4711329999999947,-18
0.4848399999999984,-32
0.498266000000001,-19
0.5103659999999977,-4
0.5231929999999991,-4
0.5386430000000004,-4
0.5549449999999965,-2
0.5708509999999976,-1
0.5868469999999988,-5
0.599933,-1
0.6128549999999962,0
0.6284299999999945,1
0.002473999999999421,1
0.017297999999996705,-1
0.003196000000002641,-11
0.017119000000000995,-19
0.030521000000000242,-9
0.046593999999998914,-5
0.05930000000000035,-6
0.07516000000000389,-7
0.09296400000000204,-9
0.10725100000000509,-9
0.12255300000000346,-7
0.13785299999999978,-5
0.15331400000000173,-3
0.1685680000000005,-4
0.18323200000000384,-4
0.19762100000000515,-3
0.21162000000000347,-3
0.22683100000000422,-3
0.24104400000000226,-2
0.25556900000000127,-3
0.2703920000000011,-3
0.2861290000000025,-4
0.3013290000000026,-3
0.3183840000000018,-9
0.33163100000000156,-2
0.3468220000000031,-2
0.36256600000000105,-2
0.37869600000000503,-2
0.39508299999999963,-3
0.4115579999999994,-5
0.4269730000000038,-4
0.4427400000000006,-2
0.4577150000000003,1
0.4706779999999995,1
0.48722800000000177,1
0.5033370000000019,1
0.5194669999999988,1
0.5349199999999996,-1
0.5506480000000025,-1
0.565767000000001,-2
0.5808409999999995,-3
0.5941130000000001,-2
0.6095359999999985,0
0.6281510000000026,2
0.6438720000000018,5
0.6560500000000005,6
0.6721270000000032,3
0.6862950000000012,0
0.6989689999999982,-3
0.711748,-25
0.7249510000000043,0
